trade_date,sentiment,fear_greed_value,trade_count,realized_trades,unique_accounts,unique_coins,volume_usd,gross_closed_pnl,fees,net_pnl,avg_net_pnl_per_trade,median_net_pnl_per_trade,win_rate_realized,avg_realized_pnl,pnl_per_1k_volume,avg_trade_size_usd,taker_rate
2023-05-01,Greed,63.0,3.0,0.0,1.0,1.0,477.0,0.0,0.0,0.0,0.0,0.0,,,0.0,159.0,1.0
2023-12-05,Extreme Greed,75.0,9.0,0.0,1.0,2.0,50005.83,0.0,12.501455,-12.501455,-1.3890505555555555,-0.483987,,,-0.2499999500058293,5556.203333333334,1.0
2023-12-14,Greed,72.0,11.0,6.0,1.0,4.0,113203.35,-205.43473700000007,28.300831,-233.735568,-21.248688,-1.663936,0.6666666666666666,-34.23912283333335,-2.0647407342627226,10291.213636363636,1.0
2023-12-15,Greed,70.0,2.0,2.0,1.0,1.0,10609.95,-24.632033999999997,2.652489,-27.284523,-13.6422615,-13.6422615,0.0,-12.316016999999999,-2.5715976983868916,5304.975,1.0
2023-12-16,Greed,67.0,3.0,0.0,1.0,1.0,15348.77,0.0,3.837189,-3.837189,-1.279063,-1.170034,,,-0.2499997719686985,5116.256666666667,1.0
2023-12-17,Greed,73.0,14.0,11.0,1.0,3.0,116278.02,304.982785,29.069498999999997,275.91328599999997,19.708091857142854,-0.1659225,0.6363636363636364,27.725707727272724,2.3728756819216557,8305.572857142857,1.0
2023-12-18,Greed,65.0,2.0,0.0,1.0,1.0,31164.179999999997,0.0,7.791045,-7.791045,-3.8955225,-3.8955225,,,-0.25000000000000006,15582.089999999998,1.0
2023-12-19,Greed,73.0,15.0,10.0,1.0,2.0,91602.40999999999,1000.5386120000001,22.900596,977.6380160000001,65.17586773333333,4.252975,1.0,100.0538612,10.672623307618219,6106.827333333333,1.0
2023-12-20,Greed,74.0,18.0,8.0,1.0,2.0,141636.79000000004,162.732282,35.409186999999996,127.32309500000002,7.073505277777779,-0.856066,1.0,20.34153525,0.8989408401588316,7868.710555555557,1.0
2023-12-21,Greed,70.0,49.0,27.0,1.0,1.0,125233.97,537.211402,31.308469000000002,505.90293299999996,10.324549653061224,0.019748,0.9629629629629629,19.896718592592592,4.039662185906907,2555.795306122449,1.0
2023-12-22,Greed,74.0,10.0,2.0,1.0,2.0,88874.27999999998,141.832675,22.218566000000003,119.61410899999998,11.961410899999999,-0.459137,1.0,70.9163375,1.3458799216151174,8887.427999999998,1.0
2023-12-23,Greed,70.0,13.0,8.0,1.0,2.0,78438.25,146.93670400000002,19.609555,127.32714899999999,9.794396076923077,9.999232,1.0,18.367088000000003,1.6232788084894805,6033.711538461538,1.0
2023-12-24,Greed,71.0,39.0,17.0,1.0,4.0,402954.94,1008.619956,100.73871500000001,907.881241,23.27900617948718,-0.232735,0.8823529411764706,59.33058564705882,2.253058967337638,10332.177948717948,1.0
2023-12-25,Greed,73.0,3.0,1.0,1.0,1.0,59948.51,-245.081348,14.987124999999999,-260.068473,-86.68949099999999,-7.269724,0.0,-245.081348,-4.338197446441955,19982.836666666666,1.0
2023-12-27,Greed,73.0,28.0,13.0,1.0,2.0,171411.05999999997,-704.889227,42.852746999999994,-747.741974,-26.7050705,-1.8759130000000002,0.3076923076923077,-54.222248230769225,-4.362273787934105,6121.82357142857,1.0
2023-12-28,Greed,73.0,23.0,13.0,1.0,2.0,100117.25,-970.7308760000001,25.0293,-995.760176,-43.293920695652176,-13.458944,0.0,-74.67160584615385,-9.945940145179776,4352.923913043478,1.0
2023-12-29,Greed,65.0,50.0,20.0,1.0,4.0,569559.72,508.922143,142.389901,366.53224200000005,7.3306448400000015,-0.414557,0.75,25.44610715,0.6435361018858569,11391.1944,1.0
2023-12-30,Greed,68.0,52.0,33.0,1.0,3.0,702550.21,354.998648,175.637526,179.36112200000005,3.4492523461538473,-0.100032,0.696969696969697,10.757534787878786,0.25530007599029836,13510.58096153846,1.0
2024-01-01,Greed,65.0,18.0,6.0,1.0,3.0,264239.52999999997,-129.53146,66.05986700000001,-195.59132699999998,-10.866184833333332,-2.4577030000000004,0.16666666666666666,-21.58857666666667,-0.7402046431130119,14679.973888888888,1.0
2024-01-02,Greed,71.0,17.0,9.0,1.0,2.0,121348.74,783.9791160000001,30.337176,753.6419399999999,44.3318788235294,-0.076233,0.8888888888888888,87.10879066666668,6.210546067474618,7138.1611764705885,1.0
2024-01-03,Greed,70.0,67.0,35.0,1.0,6.0,394499.36000000004,866.015507,98.624811,767.390696,11.453592477611942,-0.139681,0.8,24.743300200000004,1.945226719759444,5888.050149253732,1.0
2024-01-04,Greed,68.0,5.0,3.0,1.0,1.0,99792.54000000001,-67.60364,24.948132,-92.551772,-18.5103544,-1.383221,0.0,-22.534546666666667,-0.9274417907390672,19958.508,1.0
2024-01-05,Greed,72.0,66.0,23.0,1.0,2.0,1703942.66,164.14156500000004,425.98563900000005,-261.844074,-3.9673344545454543,-0.8247089999999999,0.5652173913043478,7.136589782608695,-0.15366953369193773,25817.31303030303,1.0
2024-01-06,Greed,70.0,22.0,12.0,1.0,3.0,298521.4,135.58166400000002,74.63034200000001,60.95132200000003,2.7705146363636377,-0.11142550000000001,0.8333333333333334,11.298472000000002,0.20417739565739684,13569.154545454547,1.0
2024-01-07,Greed,71.0,97.0,37.0,1.0,8.0,1048850.06,-835.681235,262.212464,-1097.893699,-11.31849174226804,-1.095674,0.24324324324324326,-22.585979324324324,-1.0467594376645217,10812.887216494846,1.0
2024-01-08,Greed,71.0,128.0,67.0,1.0,6.0,1522452.43,-269.87443900000017,380.613064,-650.4875030000002,-5.081933617187501,-0.256393,0.47761194029850745,-4.0279767014925385,-0.4272629411481843,11894.159609375,1.0
2024-01-09,Extreme Greed,76.0,70.0,28.0,1.0,6.0,870051.9699999999,-826.3498630000001,204.01292800000002,-1030.362791,-14.719468442857144,-0.514176,0.6428571428571429,-29.512495107142854,-1.1842543049468643,12429.313857142855,0.9571428571428572
2024-01-10,Greed,73.0,193.0,83.0,1.0,5.0,2057479.48,-1517.0913420000002,434.0448650000001,-1951.136207,-10.109514025906735,0.007861,0.4939759036144578,-18.278208939759036,-0.9483138111297227,10660.515440414507,0.6683937823834197
2024-01-11,Extreme Greed,76.0,21.0,9.0,2.0,3.0,305314.1,-164.08950100000004,75.86717100000001,-239.95667199999997,-11.42650819047619,-0.4563,0.5555555555555556,-18.232166777777778,-0.785933803908827,14538.766666666666,1.0
2024-01-12,Greed,71.0,7.0,2.0,1.0,2.0,200082.27,-1925.519024,49.480726999999995,-1974.9997509999998,-282.14282157142856,-10.936369,0.0,-962.759512,-9.870938344511984,28583.181428571428,0.8571428571428571
2024-01-15,Neutral,52.0,14.0,9.0,2.0,2.0,50636.09999999999,152.85358,12.652712000000001,140.200868,10.014347714285716,2.492179,1.0,16.983731111111112,2.7687927782747885,3616.864285714285,1.0
2024-01-16,Greed,64.0,9.0,5.0,2.0,3.0,116427.33,-2299.171458,17.319309,-2316.4907670000002,-257.38786300000004,-1.444386,0.6,-459.8342916,-19.89645186400822,12936.37,0.7777777777777778
2024-01-17,Greed,60.0,53.0,19.0,1.0,2.0,800831.03,813.2741110000002,159.707606,653.566505,12.331443490566038,0.000296,0.5789473684210527,42.80390057894736,0.8161103660031754,15110.019433962265,0.6792452830188679
2024-01-18,Greed,63.0,46.0,9.0,1.0,2.0,424631.5299999999,68.93319,92.657901,-23.72471100000002,-0.5157545869565222,-0.0050155,0.3333333333333333,7.6592433333333325,-0.055871289162159075,9231.120217391303,0.5869565217391305
2024-01-19,Neutral,51.0,48.0,27.0,2.0,3.0,428428.97000000003,-385.41923500000007,93.051868,-478.4711030000001,-9.968147979166668,-0.10317599999999999,0.2222222222222222,-14.274786481481478,-1.1168038029734544,8925.603541666667,0.875
2024-01-20,Neutral,52.0,106.0,32.0,1.0,16.0,1070090.51,-146.57486999999998,267.52258300000005,-414.09745300000003,-3.906579745283019,-0.3011215,0.46875,-4.580464687499998,-0.3869742317404534,10095.193490566038,1.0
2024-01-21,Greed,56.0,11.0,5.0,1.0,4.0,103129.74,266.581146,25.78243,240.798716,21.890792363636365,-0.63121,0.6,53.316229199999995,2.3349105311426173,9375.43090909091,1.0
2024-01-22,Greed,55.0,85.0,41.0,2.0,10.0,337878.99,1375.640959,67.47826800000001,1308.1626910000005,15.390149305882359,0.00059,0.5609756097560976,33.552218512195125,3.871689953258119,3975.0469411764707,0.7294117647058823
2024-01-23,Neutral,50.0,45.0,20.0,1.0,8.0,414518.93000000005,-369.24472999999944,85.72457,-454.96929999999986,-10.110428888888887,0.033456,0.55,-18.462236499999996,-1.097583890800837,9211.531777777778,0.6
2024-01-24,Neutral,48.0,68.0,40.0,1.0,4.0,965084.5900000001,-2808.3538150000004,227.77109500000003,-3036.12491,-44.64889573529412,-2.422975,0.25,-70.208845375,-3.1459676607208076,14192.420441176471,0.9852941176470589
2024-01-25,Neutral,52.0,6.0,6.0,1.0,1.0,66566.12999999999,-3093.629385,16.641532,-3110.270917,-518.3784861666667,-484.037401,0.0,-515.6048975,-46.72452667745594,11094.354999999998,1.0
2024-01-26,Neutral,49.0,5.0,1.0,2.0,2.0,11773.21,90.2,0.444235,89.755765,17.951152999999998,-0.070841,1.0,90.2,7.623729212338861,2354.642,0.6
2024-01-28,Neutral,54.0,11.0,11.0,1.0,1.0,18109.03,-2478.06972,-0.36217600000000005,-2477.707544,-225.24614036363636,-68.206556,0.0,-225.27906545454545,-136.82165991220955,1646.2754545454545,0.0
2024-01-29,Greed,55.0,74.0,45.0,2.0,11.0,414208.17999999993,486.56254200000006,103.26260500000001,383.29993699999994,5.179728878378378,-0.001536,1.0,10.812500933333332,0.9253799309323152,5597.407837837837,0.9864864864864865
2024-01-30,Greed,61.0,49.0,19.0,1.0,2.0,401011.37999999995,-173.65419100000003,100.25281000000001,-273.9070009999999,-5.589938795918366,-0.645113,0.2631578947368421,-9.139694263157896,-0.6830404688265953,8183.905714285713,1.0
2024-01-31,Greed,60.0,859.0,436.0,1.0,8.0,6305647.13,-799.8408169999999,1549.4114749999999,-2349.252292,-2.734868791618161,-0.062995,0.5298165137614679,-1.8344972866972478,-0.37256323475874553,7340.683504074505,0.9906868451688009
2024-02-01,Greed,63.0,6.0,0.0,1.0,3.0,2008.18,0.0,0.502044,-0.502044,-0.08367400000000001,-0.063029,,,-0.24999950203667004,334.69666666666666,1.0
2024-02-02,Greed,63.0,42.0,21.0,1.0,3.0,474278.43,456.42347299999994,91.56963599999997,364.853837,8.686996119047619,-0.107464,0.6190476190476191,21.734451095238093,0.7692819532189141,11292.343571428572,0.7619047619047619
2024-02-03,Greed,60.0,56.0,12.0,1.0,3.0,603820.0,223.30918699999995,109.662349,113.64683799999997,2.029407821428571,-0.652539,0.5,18.609098916666664,0.18821310655493356,10782.5,0.8214285714285714
2024-02-04,Greed,60.0,35.0,28.0,1.0,4.0,203187.53,47.623894999999976,50.52688,-2.902985000000014,-0.08294242857142897,-0.029825,0.32142857142857145,1.7008533928571428,-0.014287220283646412,5805.358,0.8
2024-02-05,Greed,60.0,72.0,32.0,1.0,4.0,770198.26,-33.45419400000006,165.549465,-199.00365900000008,-2.7639397083333344,-0.541015,0.4375,-1.0454435625000014,-0.25837978262895595,10697.198055555556,0.9166666666666666
2024-02-06,Greed,64.0,1088.0,523.0,1.0,5.0,8047153.41,-215.615907,988.6069970000001,-1204.2229040000002,-1.1068225220588237,-0.125021,0.3422562141491396,-0.41226750860420636,-0.14964582413745733,7396.280707720588,0.5542279411764706
2024-02-07,Greed,62.0,15.0,2.0,1.0,2.0,6758.73,241.24212,0.339693,240.90242700000002,16.0601618,0.009999,1.0,120.62106,35.643149970482625,450.582,0.13333333333333333
2024-02-08,Greed,66.0,10.0,4.0,1.0,5.0,26051.120000000003,770.7560239999999,3.002887,767.753137,76.7753137,0.0891845,1.0,192.68900599999998,29.471022243957265,2605.112,0.4
2024-02-11,Greed,71.0,34.0,7.0,1.0,5.0,212311.81999999998,983.4431759999999,24.955292,958.4878840000001,28.190820117647064,-0.0028295000000000004,1.0,140.4918822857143,4.514529073322438,6244.465294117646,0.6470588235294118
2024-02-12,Greed,70.0,16.0,15.0,1.0,3.0,227247.7,913.8817869999997,27.111911,886.7698760000003,55.42311725000002,-26.890083,0.4,60.92545246666666,3.902217166554382,14202.98125,0.5625
2024-02-13,Extreme Greed,79.0,14.0,14.0,1.0,1.0,1999.99,559.44389,-0.039992,559.483882,39.96313442857143,30.060545,1.0,39.960277857142856,279.7433397166986,142.85642857142858,0.0
2024-02-14,Greed,74.0,111.0,84.0,2.0,9.0,320839.88,3830.599833,22.917474000000002,3807.682359,34.30344467567568,16.750241,0.9880952380952381,45.602378964285705,11.867858693252224,2890.4493693693694,0.5675675675675675
2024-02-15,Greed,72.0,63.0,60.0,2.0,7.0,185188.03999999995,1840.7976770000005,30.706297000000003,1810.0913800000008,28.73160920634922,13.160639,0.95,30.679961283333334,9.774342770731854,2939.492698412698,0.42857142857142855
2024-02-16,Greed,72.0,182.0,146.0,2.0,7.0,564896.51,5491.768834,27.22517,5464.543664,30.024965186813187,11.4370715,1.0,37.61485502739726,9.673530579964106,3103.826978021978,0.22527472527472528
2024-02-17,Extreme Greed,76.0,94.0,65.0,2.0,9.0,406118.0699999999,1929.6418,62.055053,1867.586747,19.867944117021278,4.19488,0.9384615384615385,29.686796923076926,4.598630016635312,4320.404999999999,0.574468085106383
2024-02-18,Greed,72.0,97.0,68.0,1.0,5.0,157048.17000000004,477.62483,-3.140925,480.765755,4.956347989690721,6.599672999999999,0.8970588235294118,7.023894558823532,3.0612630188559335,1619.0532989690726,0.0
2024-02-19,Extreme Greed,75.0,101.0,79.0,2.0,6.0,286377.19999999995,4317.768563,14.852620000000002,4302.915943,42.60312814851485,10.741992,0.9746835443037974,54.65529826582279,15.025343997357334,2835.4178217821777,0.2871287128712871
2024-02-20,Greed,72.0,39.0,32.0,2.0,6.0,119419.71999999999,3263.6288240000003,3.0736749999999997,3260.5551490000003,83.60397817948719,13.656748,0.96875,101.98840075,27.303322675685394,3062.044102564102,0.358974358974359
2024-02-21,Extreme Greed,78.0,22.0,15.0,2.0,4.0,108047.52,1858.7985699999997,2.970629,1855.8279410000002,84.3558155,25.4284235,1.0,123.91990466666667,17.176034591076228,4911.250909090909,0.2727272727272727
2024-02-22,Greed,74.0,88.0,54.0,2.0,5.0,373033.87,3894.105069999999,25.45258,3868.6524900000004,43.961960113636366,-0.007319,0.7407407407407407,72.11305685185185,10.370780781916668,4239.02125,0.5
2024-02-23,Extreme Greed,76.0,143.0,138.0,1.0,3.0,111106.14,1418.5529299999998,-2.067069,1420.619999,9.934405587412588,7.197727,0.9927536231884058,10.279369057971014,12.786152043442424,776.966013986014,0.02097902097902098
2024-02-25,Greed,74.0,5.0,2.0,1.0,1.0,4480.13,-30.7705,-0.08960000000000001,-30.6809,-6.13618,0.002027,0.0,-15.38525,-6.8482164580045675,896.0260000000001,0.0
2024-02-26,Greed,72.0,39.0,34.0,2.0,3.0,192187.14,4416.8473,-0.09772499999999998,4416.945025,113.25500064102565,31.04124,1.0,129.90727352941178,22.982521229047894,4927.875384615385,0.28205128205128205
2024-02-27,Extreme Greed,79.0,63.0,42.0,2.0,7.0,209362.3,888.511733,-3.761608999999999,892.2733420000001,14.163068920634922,0.058997,0.6190476190476191,21.155041261904763,4.261862532079558,3323.2111111111108,0.1111111111111111
2024-02-28,Extreme Greed,82.0,45.0,39.0,1.0,3.0,171107.12999999998,2503.7472349999994,-1.3771520000000002,2505.1243870000003,55.66943082222223,18.133043,1.0,64.19864705128205,14.640677960059296,3802.380666666666,0.13333333333333333
2024-02-29,Extreme Greed,80.0,116.0,100.0,2.0,8.0,395666.73,9813.996992,1.3590850000000003,9812.637906999998,84.59170609482757,29.674401500000002,1.0,98.13996991999998,24.80026032767526,3410.9200862068965,0.1724137931034483
2024-03-01,Extreme Greed,80.0,137.0,128.0,1.0,7.0,472974.7,8244.241409,-0.5468539999999997,8244.788263,60.180936226277375,27.06474,1.0,64.4081360078125,17.431774390892368,3452.370072992701,0.051094890510948905
2024-03-02,Extreme Greed,80.0,31.0,28.0,2.0,4.0,63197.55999999999,230.90060000000022,-0.469129,231.3697290000003,7.463539645161299,1.312845,0.75,8.246450000000008,3.6610547780642215,2038.6309677419351,0.22580645161290322
2024-03-03,Extreme Greed,83.0,79.0,54.0,1.0,8.0,390745.6800000001,8361.086245,-2.5071029999999994,8363.593348,105.8682702278481,15.049954,1.0,154.83493046296297,21.404186344427398,4946.147848101267,0.05063291139240506
2024-03-04,Extreme Greed,82.0,300.0,270.0,2.0,15.0,1577996.87,27799.775742,-0.5594489999999999,27800.335191,92.66778396999999,30.871160500000002,0.9851851851851852,102.96213237777778,17.6174843686477,5259.989566666667,0.29333333333333333
2024-03-05,Extreme Greed,90.0,180.0,163.0,1.0,5.0,841810.3200000001,19791.026040999997,-4.438459,19795.464500000002,109.97480277777778,34.383185,1.0,121.4173376748466,23.51535022759046,4676.724,0.2111111111111111
2024-03-06,Extreme Greed,75.0,82.0,72.0,1.0,6.0,327218.02,6814.8251390000005,-3.355318,6818.1804569999995,83.14854215853659,26.950559,1.0,94.65034915277778,20.836812278859213,3990.4636585365856,0.13414634146341464
2024-03-08,Extreme Greed,81.0,67.0,59.0,1.0,5.0,183583.18,4271.886236,-3.6716289999999994,4275.557865,63.81429649253731,12.447298,1.0,72.40485145762712,23.28948580692414,2740.047462686567,0.0
2024-03-09,Extreme Greed,84.0,117.0,107.0,1.0,6.0,658178.7499999999,9949.501623999999,1.8517640000000004,9947.649859999998,85.02264837606836,25.032671999999998,0.9065420560747663,92.98599648598132,15.113903115225158,5625.4594017094005,0.24786324786324787
2024-03-10,Extreme Greed,79.0,42.0,38.0,1.0,3.0,219973.84999999998,2482.9272,2.281072000000001,2480.6461280000003,59.063003047619056,2.506107,0.7631578947368421,65.3401894736842,11.27700464396109,5237.4726190476185,0.07142857142857142
2024-03-11,Extreme Greed,82.0,42.0,39.0,1.0,2.0,176519.45,3588.179495,8.47289,3579.7066050000003,85.23110964285715,18.7067595,1.0,92.00460243589743,20.27938907015629,4202.844047619048,0.0
2024-03-12,Extreme Greed,81.0,8.0,7.0,1.0,1.0,103040.85,3039.1659999999997,4.945953,3034.220047,379.277505875,16.7488085,1.0,434.1665714285714,29.44676841272175,12880.10625,0.0
2024-03-13,Extreme Greed,81.0,7.0,0.0,1.0,1.0,6000.799999999999,0.0,2.1002780000000003,-2.1002780000000003,-0.30003971428571435,-0.097808,,,-0.34999966671110533,857.2571428571428,1.0
2024-03-14,Extreme Greed,88.0,18.0,16.0,2.0,3.0,205933.18,3465.8658319999995,11.716792,3454.1490399999993,191.89716888888884,49.058626499999995,1.0,216.61661450000003,16.773154476612266,11440.732222222221,0.05555555555555555
2024-03-15,Extreme Greed,83.0,62.0,41.0,3.0,6.0,351894.41,6236.513651,49.485003000000006,6187.028648000001,99.79078464516131,24.090207000000003,1.0,152.11008904878048,17.58206005034295,5675.71629032258,0.4838709677419355
2024-03-16,Extreme Greed,81.0,8.0,1.0,2.0,2.0,37223.66,228.57984,10.528279999999999,218.05155999999997,27.256444999999996,-1.0502634999999998,1.0,228.57984,5.8578753405763955,4652.9575,0.75
2024-03-17,Extreme Greed,79.0,23.0,10.0,3.0,4.0,99506.94999999998,503.29395499999987,33.763329,469.53062600000004,20.414375043478262,-0.240699,1.0,50.3293955,4.718571175179222,4326.389130434782,0.782608695652174
2024-03-18,Extreme Greed,77.0,19.0,6.0,3.0,3.0,90458.08,1456.9577,24.943279999999998,1432.01442,75.36918,-0.458581,1.0,242.82628333333332,15.830696605543693,4760.951578947369,0.9473684210526315
2024-03-19,Extreme Greed,79.0,24.0,7.0,3.0,4.0,219884.84000000003,668.797973,25.988312,642.809661,26.783735875,-0.29032199999999997,0.7142857142857143,95.54256757142856,2.923392358472735,9161.868333333334,0.25
2024-03-20,Greed,74.0,69.0,60.0,2.0,6.0,215705.85,6423.134599,39.878838,6383.2557609999985,92.510953057971,13.928619,1.0,107.05224331666665,29.59240911176029,3126.171739130435,0.37681159420289856
2024-03-21,Extreme Greed,78.0,28.0,23.0,3.0,3.0,117895.57,2335.5080749999997,16.39475,2319.113325,82.82547589285714,27.3740405,1.0,101.54382934782608,19.670911510924455,4210.556071428572,0.17857142857142858
2024-03-24,Greed,74.0,19.0,15.0,1.0,1.0,92592.21000000002,1297.0184769999998,8.888836999999999,1288.12964,67.79629684210526,34.98395,1.0,86.46789846666665,13.911857595795585,4873.274210526317,0.0
2024-03-25,Extreme Greed,75.0,7.0,6.0,1.0,1.0,57116.32,1302.916428,19.990712000000002,1282.925716,183.27510228571427,147.631239,1.0,217.152738,22.461631211534637,8159.4742857142855,1.0
2024-03-26,Extreme Greed,81.0,118.0,110.0,2.0,3.0,198565.19000000003,3215.9065929999997,28.147403,3187.75919,27.01490838983051,17.9730445,1.0,29.235514481818175,16.053967918546043,1682.7558474576274,0.1271186440677966
2024-03-27,Extreme Greed,83.0,38.0,19.0,2.0,3.0,99864.79,150.41114000000002,31.717952,118.69318799999999,3.1235049473684207,-0.056457499999999994,0.631578947368421,7.916375789473685,1.1885389034513565,2628.020789473684,0.868421052631579
2024-03-28,Extreme Greed,80.0,13.0,9.0,2.0,2.0,35323.72,227.85100799999998,9.059229,218.79177899999996,16.83013684615384,12.195089,1.0,25.316778666666664,6.193905370102581,2717.209230769231,0.3076923076923077
2024-03-29,Extreme Greed,79.0,15.0,6.0,1.0,1.0,86914.37000000002,883.097404,30.420029999999997,852.6773739999999,56.84515826666666,-0.183681,1.0,147.18290066666665,9.810545413836627,5794.291333333335,1.0
2024-03-30,Extreme Greed,75.0,45.0,44.0,1.0,1.0,101103.92000000001,1100.5751400000001,9.939453999999998,1090.6356859999999,24.236348577777775,10.065674999999999,1.0,25.013071363636367,10.787273985024514,2246.753777777778,0.06666666666666667
2024-03-31,Extreme Greed,75.0,13.0,10.0,1.0,1.0,39912.95999999999,912.7861449999999,13.969522000000001,898.8166229999999,69.13974023076922,15.879041,1.0,91.27861449999999,22.51941782819415,3070.2276923076915,1.0
2024-04-01,Extreme Greed,79.0,77.0,43.0,2.0,4.0,339470.47000000003,2507.963406,83.751362,2424.212044000001,31.48327329870131,0.545337,0.9767441860465116,58.32473037209303,7.141157356043371,4408.707402597403,0.6493506493506493
2024-04-02,Extreme Greed,79.0,41.0,12.0,2.0,3.0,239664.51,883.760812,80.132574,803.6282379999998,19.60068873170731,-0.035009,1.0,73.64673433333333,3.3531382598115997,5845.475853658537,0.9024390243902439
2024-04-03,Greed,71.0,4.0,1.0,2.0,2.0,16887.57,126.7884,1.661201,125.12719899999999,31.281799749999998,-0.163045,1.0,126.7884,7.409425926879948,4221.8925,0.0
2024-04-04,Greed,70.0,32.0,0.0,1.0,1.0,95987.73,0.0,33.595684999999996,-33.595684999999996,-1.0498651562499999,-0.336515,,,-0.3499997864310365,2999.6165625,1.0
2024-04-05,Extreme Greed,79.0,100.0,90.0,3.0,6.0,503791.8,10706.484305999998,103.43013800000001,10603.054167999997,106.03054167999997,8.894601999999999,1.0,118.96093673333331,21.04650009785788,5037.918,0.24
2024-04-06,Extreme Greed,75.0,16.0,4.0,1.0,1.0,68223.67000000001,236.33513399999998,23.878276999999997,212.45685699999999,13.278553562499999,-0.3053735,1.0,59.083783499999996,3.1141223713118915,4263.979375000001,1.0
2024-04-07,Extreme Greed,78.0,23.0,0.0,1.0,1.0,49988.13999999999,0.0,17.495845000000003,-17.495845000000003,-0.7606889130434784,-0.238322,,,-0.34999991998101965,2173.3973913043474,1.0
2024-04-08,Extreme Greed,76.0,30.0,1.0,2.0,2.0,211940.64,1218.4267,61.790547999999994,1156.636152,38.5545384,-0.776656,1.0,1218.4267,5.457358966170905,7064.688,0.9333333333333333
2024-04-09,Extreme Greed,80.0,3.0,0.0,1.0,1.0,57063.840000000004,0.0,19.972341,-19.972341,-6.657447,-3.56448,,,-0.34999994742730245,19021.280000000002,1.0
2024-04-10,Extreme Greed,78.0,41.0,36.0,1.0,1.0,351735.97,5207.443413999999,123.10756199999999,5084.335852,124.00819151219513,31.602960000000003,1.0,144.65120594444448,14.454978408946916,8578.926097560974,1.0
2024-04-11,Extreme Greed,76.0,16.0,2.0,1.0,1.0,76400.95999999999,389.743164,26.740329,363.00283499999995,22.687677187499997,-0.4458185,1.0,194.871582,4.751286305826524,4775.0599999999995,1.0
2024-04-12,Extreme Greed,79.0,129.0,101.0,3.0,5.0,442088.58999999997,-592.645839,97.560875,-690.2067139999999,-5.350439643410852,4.025768,0.7029702970297029,-5.867780584158417,-1.5612407323156654,3427.043333333333,0.5116279069767442
2024-04-13,Greed,72.0,89.0,61.0,2.0,6.0,486411.25,6621.451755000001,118.999176,6502.452579000001,73.06126493258428,15.834203,1.0,108.54838942622949,13.368219955850119,5465.294943820225,0.5842696629213483
2024-04-14,Greed,72.0,107.0,74.0,2.0,5.0,659162.1699999999,-36104.01252,213.47740399999998,-36317.489924,-339.415793682243,-2.13528,0.44594594594594594,-487.8920610810811,-55.0964414781267,6160.394112149532,0.6728971962616822
2024-04-15,Greed,74.0,41.0,35.0,2.0,2.0,291111.19,3774.0887199999997,40.650603999999994,3733.438116,91.05946624390243,14.61116,1.0,107.83110628571428,12.824783945955495,7100.272926829269,0.12195121951219512
2024-04-16,Greed,65.0,47.0,43.0,2.0,2.0,181907.17,2467.7022209999996,18.457684999999998,2449.2445360000006,52.11158587234044,17.668684,1.0,57.38842374418605,13.46425507031966,3870.3653191489366,0.10638297872340426
2024-04-17,Greed,67.0,14.0,13.0,1.0,1.0,97562.99000000002,2441.4683999999997,10.620963,2430.847437,173.6319597857143,47.906576,1.0,187.8052615384615,24.915671782916856,6968.785000000002,0.5
2024-04-19,Greed,66.0,35.0,27.0,1.0,1.0,337257.9199999999,1946.445462,118.04026,1828.4052020000001,52.24014862857143,18.586505000000002,1.0,72.09057266666667,5.421385514089634,9635.94057142857,1.0
2024-04-20,Greed,66.0,22.0,0.0,2.0,2.0,60733.23999999999,0.0,121.289047,-121.289047,-5.5131385,-1.749995,,,-1.9970784861798914,2760.6018181818176,0.7727272727272727
2024-04-22,Greed,73.0,9.0,0.0,1.0,1.0,47993.61,0.0,16.797764,-16.797764,-1.8664182222222223,-1.196841,,,-0.35000001041805356,5332.623333333333,1.0
2024-04-23,Greed,71.0,66.0,35.0,2.0,2.0,233054.9,1119.536196,71.308476,1048.2277199999999,15.88223818181818,0.021058999999999998,1.0,31.98674845714286,4.4977716409309565,3531.1348484848486,0.8181818181818182
2024-04-24,Greed,72.0,20.0,7.0,1.0,1.0,141275.24,279.185907,49.44631599999999,229.739591,11.48697955,-1.1417425,0.8571428571428571,39.88370099999999,1.6261843972093057,7063.762,1.0
2024-04-25,Greed,72.0,74.0,0.0,2.0,2.0,120241.01,0.0,160.15951199999998,-160.15951199999998,-2.1643177297297296,-0.17901499999999998,,,-1.3319874142773749,1624.8785135135136,1.0
2024-04-26,Greed,70.0,3.0,0.0,1.0,1.0,4988.290000000001,0.0,1.745898,-1.745898,-0.581966,-0.230991,,,-0.3499992983567515,1662.7633333333335,1.0
2024-04-27,Greed,67.0,27.0,19.0,1.0,1.0,154264.47,4281.488139,53.99255,4227.495589,156.57391070370372,60.774702,1.0,225.34148100000002,27.4042077803139,5713.498888888889,1.0
2024-04-28,Greed,65.0,58.0,0.0,2.0,2.0,43985.6,0.0,15.394946000000001,-15.394946000000001,-0.2654301034482759,-0.093194,,,-0.3499996817140155,758.3724137931034,1.0
2024-04-29,Greed,67.0,45.0,17.0,2.0,2.0,108699.01,526.933836,38.044630000000005,488.88920600000006,10.864204577777778,-0.023416,1.0,30.996108000000003,4.497641754050934,2415.5335555555553,1.0
2024-04-30,Greed,67.0,24.0,0.0,1.0,1.0,125018.75,0.0,43.756550000000004,-43.756550000000004,-1.8231895833333336,-0.700221,,,-0.3499999000149978,5209.114583333333,1.0
2024-05-01,Neutral,54.0,14.0,0.0,1.0,1.0,87025.45000000001,0.0,30.458908000000005,-30.458908000000005,-2.175636285714286,-1.7051115000000001,,,-0.3500000057454457,6216.103571428573,1.0
2024-05-03,Neutral,48.0,36.0,19.0,3.0,4.0,282682.64999999997,5306.0170450000005,98.910681,5207.106363999999,144.64184344444442,-0.004106,0.8947368421052632,279.26405500000004,18.420325279956163,7852.295833333333,0.9444444444444444
2024-05-04,Greed,67.0,9.0,0.0,2.0,2.0,58998.74999999999,0.0,20.649559,-20.649559,-2.2943954444444445,-1.397666,,,-0.3499999406767093,6555.416666666666,1.0
2024-05-05,Greed,69.0,6.0,1.0,2.0,2.0,24068.350000000002,0.916,8.412778,-7.496778,-1.249463,-0.088037,1.0,0.916,-0.31147868466263784,4011.391666666667,0.8333333333333334
2024-05-06,Greed,71.0,9.0,4.0,1.0,1.0,206016.42999999996,968.59038,72.105746,896.4846339999999,99.60940377777777,-0.21532,1.0,242.147595,4.351520089926808,22890.714444444442,1.0
2024-05-07,Greed,68.0,18.0,9.0,3.0,4.0,108717.58,883.537693,38.039061000000004,845.498632,46.97214622222222,8.957509,1.0,98.17085477777776,7.777018509793908,6039.865555555556,0.9444444444444444
2024-05-08,Greed,64.0,13.0,2.0,2.0,3.0,65973.57,1.56576,23.076825999999997,-21.511065999999996,-1.6546973846153843,-0.524902,0.5,0.78288,-0.3260558129566127,5074.89,0.9230769230769231
2024-05-09,Greed,55.0,28.0,11.0,2.0,2.0,221966.12000000005,1147.595856,77.688132,1069.9077240000001,38.21099014285715,-0.218498,1.0,104.32689599999999,4.820139776286578,7927.36142857143,1.0
2024-05-10,Greed,66.0,22.0,6.0,1.0,1.0,156882.00000000003,2101.7416949999997,54.908690000000014,2046.8330049999997,93.03786386363635,-1.4385685000000001,1.0,350.29028249999993,13.04695889267092,7131.000000000001,1.0
2024-05-11,Neutral,53.0,9.0,9.0,1.0,1.0,63248.95,251.604742,22.137125,229.46761700000002,25.49640188888889,5.476485,1.0,27.956082444444444,3.6280067416138926,7027.661111111111,1.0
2024-05-12,Greed,56.0,23.0,0.0,2.0,3.0,55179.560000000005,0.0,19.312828999999994,-19.312828999999994,-0.8396882173913041,-0.349975,,,-0.3499996919149046,2399.1113043478263,1.0
2024-05-13,Greed,57.0,28.0,10.0,2.0,2.0,193118.9,2136.853859,67.59159899999999,2069.26226,73.90222357142856,-0.172304,1.0,213.68538590000003,10.714965029316136,6897.103571428571,1.0
2024-05-14,Greed,66.0,23.0,4.0,1.0,1.0,145853.4,1150.5233050000002,51.048685,1099.4746200000002,47.803244347826094,-0.52523,1.0,287.63082625000004,7.5382172784453445,6341.452173913043,1.0
2024-05-15,Greed,64.0,36.0,17.0,1.0,1.0,234922.56999999998,948.970582,82.22288699999999,866.7476950000001,24.076324861111114,-0.0036725,1.0,55.82179894117647,3.6895037160541886,6525.626944444444,1.0
2024-05-16,Greed,70.0,27.0,5.0,2.0,2.0,162620.96000000002,214.5898,56.917320000000004,157.67248,5.839721481481482,-0.524664,1.0,42.91796000000001,0.9695704661932877,6022.99851851852,1.0
2024-05-18,Greed,73.0,25.0,16.0,1.0,1.0,126303.14,3522.394661,44.206092,3478.188569,139.12754275999998,6.173724,1.0,220.14966631250002,27.53841724758387,5052.1256,1.0
2024-05-19,Greed,72.0,8.0,0.0,1.0,1.0,29998.09,0.0,10.499327,-10.499327,-1.312415875,-1.092516,,,-0.34999984999044936,3749.76125,1.0
2024-05-20,Greed,70.0,10.0,3.0,2.0,2.0,38124.75,-74.818442,13.343662,-88.162104,-8.8162104,-2.0237845,0.0,-24.939480666666668,-2.3124637932052012,3812.475,1.0
2024-05-21,Extreme Greed,76.0,125.0,25.0,2.0,3.0,1100948.5899999999,7289.397572,385.331944,6904.065628,55.232525024000005,-0.755667,0.56,291.57590288,6.2710154594957075,8807.588719999998,1.0
2024-05-22,Extreme Greed,76.0,6.0,0.0,1.0,1.0,44995.29,0.0,15.748349000000001,-15.748349000000001,-2.6247248333333335,-2.3784225,,,-0.3499999444386291,7499.215,1.0
2024-05-23,Extreme Greed,76.0,325.0,156.0,3.0,7.0,401850.6,413.347329,113.43007899999999,299.91725,0.9228223076923078,-0.111092,0.9294871794871795,2.649662365384615,0.7463401821472957,1236.4633846153845,0.6861538461538461
2024-05-24,Greed,74.0,2.0,2.0,1.0,1.0,50811.899999999994,821.949278,17.784165,804.165113,402.0825565,402.0825565,1.0,410.974639,15.826314564108015,25405.949999999997,1.0
2024-05-25,Extreme Greed,76.0,16.0,5.0,2.0,2.0,29991.13,14.126039,10.246887000000003,3.879151999999996,0.24244699999999975,-0.0631675,1.0,2.8252077999999994,0.12934330917174497,1874.445625,0.875
2024-05-26,Extreme Greed,75.0,16.0,4.0,2.0,4.0,53976.67,778.6839,18.768190999999998,759.9157090000001,47.49473181250001,-0.24493949999999998,1.0,194.670975,14.078595604360183,3373.541875,0.9375
2024-05-27,Greed,74.0,251.0,93.0,1.0,5.0,151115.71999999997,1129.3558699999999,45.832466,1083.523404,4.316826310756972,-0.077013,0.967741935483871,12.143611505376345,7.170156777865335,602.0546613545815,0.8326693227091634
2024-05-29,Greed,72.0,164.0,71.0,2.0,15.0,84268.76000000001,277.79195300000003,36.876599,240.915354,1.4689960609756099,-0.034985,0.9577464788732394,3.912562718309858,2.8588928328837397,513.8339024390244,0.8170731707317073
2024-05-30,Greed,73.0,7.0,5.0,1.0,5.0,2838.0899999999997,20.951433,0.993326,19.958107000000002,2.8511581428571433,1.5827010000000001,1.0,4.1902866,7.032231888347447,405.4414285714285,1.0
2024-05-31,Greed,73.0,13.0,4.0,1.0,3.0,3636.14,25.35812,1.272646,24.085473999999998,1.852728769230769,-0.038675,1.0,6.33953,6.623912720632319,279.70307692307694,1.0
2024-06-01,Greed,72.0,25.0,9.0,1.0,3.0,12834.619999999999,91.510419,4.492106,87.01831299999999,3.4807325199999997,-0.116488,1.0,10.167824333333332,6.779968008402275,513.3847999999999,1.0
2024-06-02,Greed,73.0,93.0,34.0,1.0,2.0,29464.50999999999,192.906947,7.792912,185.114035,1.990473494623656,-0.019992,1.0,5.6737337352941175,6.282610333584372,316.8226881720429,0.46236559139784944
2024-06-03,Greed,73.0,70.0,44.0,1.0,2.0,21466.86,562.8082079999999,5.378086,557.4301219999999,7.963287457142855,4.5827505,1.0,12.791095636363634,25.96700784371817,306.66942857142857,0.38571428571428573
2024-06-04,Greed,73.0,53.0,25.0,1.0,4.0,24243.410000000003,52.211438,7.432953,44.778484999999996,0.844877075471698,-0.004966,1.0,2.08845752,1.8470374010916777,457.4228301886793,0.6981132075471698
2024-06-05,Extreme Greed,75.0,54.0,17.0,1.0,3.0,25350.77,56.055506,7.10406,48.951446000000004,0.9065082592592594,-0.011088,0.9411764705882353,3.297382705882353,1.9309648582666328,469.4587037037037,0.6111111111111112
2024-06-06,Extreme Greed,78.0,234.0,102.0,1.0,5.0,137557.76,274.173187,37.079424,237.09376299999997,1.0132212094017092,-0.072922,0.9803921568627451,2.687972421568627,1.723594241429927,587.8536752136753,0.7222222222222222
2024-06-07,Extreme Greed,77.0,440.0,178.0,3.0,6.0,1098588.7600000002,8902.467416,372.9626640000001,8529.504751999999,19.38523807272727,-0.024994,0.9887640449438202,50.013861887640445,7.764056089559843,2496.792636363637,0.8568181818181818
2024-06-08,Greed,72.0,29.0,8.0,2.0,4.0,97351.87999999998,129.13883900000002,34.073137,95.06570200000002,3.2781276551724146,-0.388677,1.0,16.142354875000002,0.9765163446252917,3356.961379310344,1.0
2024-06-09,Extreme Greed,75.0,17.0,0.0,2.0,2.0,22410.219999999998,0.0,7.515775,-7.515775,-0.4421044117647059,-0.01749,,,-0.33537265586861714,1318.2482352941174,1.0
2024-06-10,Greed,72.0,53.0,18.0,2.0,3.0,46587.92999999999,31.266804999999998,14.696328,16.570477,0.3126505094339623,-0.012141,1.0,1.737044722222222,0.355681761348916,879.0175471698112,0.7924528301886793
2024-06-11,Greed,74.0,123.0,17.0,3.0,7.0,373279.92000000004,4320.631811,129.92821299999997,4190.703598,34.07076095934959,-0.01749,1.0,254.1548124117647,11.22670514395738,3034.796097560976,1.0
2024-06-12,Greed,72.0,254.0,78.0,2.0,3.0,193407.96,-21886.531493,63.921417,-21950.45291,-86.41910594488189,-0.193831,0.2692307692307692,-280.5965576025641,-113.49301709195424,761.4486614173228,0.7519685039370079
2024-06-13,Greed,70.0,79.0,20.0,2.0,4.0,132577.22,6632.757115,33.39974999999998,6599.357365000003,83.53616917721523,-0.00279,0.95,331.63785574999997,49.77746075079868,1678.1926582278481,0.9873417721518988
2024-06-14,Greed,74.0,31.0,15.0,2.0,2.0,139868.65999999997,10258.592608999998,38.954076,10219.638532999998,329.66575912903215,-0.003337,1.0,683.9061739333332,73.06596440546438,4511.892258064515,0.5806451612903226
2024-06-15,Greed,74.0,78.0,38.0,2.0,2.0,718350.25,3369.958346,251.42254899999998,3118.535797,39.98122816666667,-0.005833,1.0,88.68311436842106,4.341246901494084,9209.61858974359,1.0
2024-06-16,Greed,71.0,11.0,0.0,1.0,1.0,25235.079999999998,0.0,8.832277000000001,-8.832277000000001,-0.8029342727272728,-0.678979,,,-0.3499999603726242,2294.0981818181817,1.0
2024-06-17,Greed,71.0,38.0,26.0,2.0,2.0,368380.12,10599.502375,128.933025,10470.56935,275.5412986842105,141.78733749999998,0.9615384615384616,407.67316826923076,28.42327471417296,9694.213684210526,1.0
2024-06-18,Greed,74.0,25.0,4.0,2.0,2.0,263314.79000000004,282.57635999999997,67.160258,215.41610200000002,8.61664408,-1.093712,1.0,70.64409,0.8180934386556865,10532.591600000002,0.84
2024-06-19,Greed,64.0,61.0,31.0,3.0,5.0,417071.12,4887.656943999999,138.85174299999997,4748.805201,77.84926559016394,0.386961,1.0,157.66635303225806,11.386080151030356,6837.231475409836,0.9016393442622951
2024-06-20,Greed,60.0,39.0,8.0,3.0,4.0,207990.8,57478.45602599999,13.469049999999998,57464.986976,1473.4612045128206,-0.008073,1.0,7184.807003249999,276.28619619713953,5333.097435897435,1.0
2024-06-21,Greed,63.0,80.0,3.0,2.0,3.0,176264.49,773.5582039999999,61.27709900000001,712.281105,8.9035138125,-0.00419,1.0,257.85273466666666,4.040979013980638,2203.306125,1.0
2024-06-22,Neutral,53.0,24.0,8.0,2.0,2.0,169594.27000000002,756.876565,40.533382,716.343183,29.847632625,-0.0094425,1.0,94.609570625,4.223864302726737,7066.427916666667,0.9166666666666666
2024-06-23,Greed,55.0,5.0,0.0,1.0,1.0,1792.1200000000001,0.0,0.17921199999999998,-0.17921199999999998,-0.035842399999999996,-0.039809,,,-0.09999999999999998,358.42400000000004,0.0
2024-06-24,Neutral,51.0,31.0,0.0,2.0,2.0,403002.79999999993,0.0,103.551001,-103.551001,-3.340354870967742,-2.018526,,,-0.2569485894390809,13000.090322580643,0.8709677419354839
2024-06-25,Fear,30.0,49.0,11.0,1.0,2.0,103099.08000000002,4869.353105,36.084651,4833.268454,98.63813171428572,-0.023691,1.0,442.6684640909092,46.87984077064508,2104.0628571428574,1.0
2024-06-26,Neutral,46.0,72.0,21.0,2.0,2.0,365190.66,4197.732182,127.55430000000001,4070.1778819999995,56.530248361111106,-0.0004,1.0,199.89200866666664,11.1453504369471,5072.0925,0.6388888888888888
2024-06-27,Fear,40.0,30.0,0.0,2.0,3.0,130486.94999999998,0.0,45.556012,-45.556012,-1.5185337333333335,-0.2181395,,,-0.34912312687207425,4349.565,1.0
2024-06-29,Fear,30.0,75.0,24.0,2.0,5.0,280095.11,6150.326145000001,460.295231,5690.030914000001,75.86707885333334,-0.006853,1.0,256.263589375,20.314638531176076,3734.6014666666665,0.92
2024-06-30,Neutral,47.0,14.0,0.0,2.0,4.0,30520.69,0.0,17.057668999999997,-17.057668999999997,-1.2184049285714285,-0.0019995,,,-0.5588887079551609,2180.049285714286,0.21428571428571427
2024-07-01,Neutral,53.0,64.0,26.0,2.0,5.0,362670.14999999997,5065.8393080000005,425.32302500000003,4640.516283000001,72.50806692187501,-0.0013985,1.0,194.83997338461538,12.79541832433687,5666.721093749999,0.6875
2024-07-02,Neutral,51.0,18.0,13.0,1.0,2.0,33347.47,2421.2531160000003,11.458730000000001,2409.794386,133.87746588888888,10.3270275,1.0,186.25023969230767,72.26318476334187,1852.6372222222224,0.4444444444444444
2024-07-03,Neutral,50.0,18.0,4.0,2.0,2.0,179600.65999999997,1118.387284,62.628682,1055.7586019999999,58.65325566666666,-0.005,1.0,279.596821,5.878367050544247,9977.814444444442,0.6111111111111112
2024-07-04,Fear,44.0,25.0,0.0,2.0,2.0,430568.01,0.0,113.02464499999999,-113.02464499999999,-4.5209858,-2.40102,,,-0.2625012596732395,17222.720400000002,0.72
2024-07-05,Fear,29.0,32.0,0.0,2.0,3.0,272289.89,0.0,95.130717,-95.130717,-2.97283490625,-1.000639,,,-0.3493729311800743,8509.0590625,0.625
2024-07-06,Fear,26.0,24.0,7.0,1.0,3.0,2490.17,108.87217799999999,344.35416,-235.481982,-9.81174925,-24.296075000000002,1.0,15.553168285714287,-94.56462088933687,103.75708333333334,0.9583333333333334
2024-07-07,Fear,29.0,10.0,10.0,1.0,1.0,498.74999999999994,61.428942,0.049874999999999996,61.379067,6.1379067,4.9103255,1.0,6.1428942,123.0657984962406,49.87499999999999,0.0
2024-07-08,Fear,28.0,1.0,0.0,1.0,1.0,497.64,0.0,0.0156,-0.0156,-0.0156,-0.0156,,,-0.031347962382445145,497.64,0.0
2024-07-09,Fear,27.0,15.0,15.0,1.0,1.0,2736.4500000000003,648.9844120000001,0.39756800000000003,648.5868439999999,43.23912293333333,37.087979000000004,1.0,43.26562746666668,237.01761186939277,182.43,0.2
2024-07-10,Fear,28.0,56.0,38.0,2.0,3.0,687900.21,11977.734907,240.76504,11736.969867,209.588747625,58.355560499999996,1.0,315.20355018421054,17.0620239627489,12283.93232142857,1.0
2024-07-11,Fear,29.0,19.0,9.0,1.0,1.0,169887.02000000002,1876.812082,59.460443000000005,1817.351639,95.65008626315789,-0.691182,1.0,208.53467577777778,10.697413133740293,8941.422105263158,1.0
2024-07-12,Fear,25.0,19.0,9.0,2.0,2.0,89582.97000000002,1412.314654,31.354028999999997,1380.9606249999997,72.68213815789473,-0.339261,1.0,156.92385044444444,15.415436940748888,4714.893157894738,1.0
2024-07-13,Fear,25.0,17.0,17.0,2.0,2.0,139189.19,2913.6178370000002,48.716210000000004,2864.9016269999997,168.52362511764704,103.97206,1.0,171.38928452941178,20.582788268255598,8187.599411764706,1.0
2024-07-14,Fear,33.0,7.0,0.0,1.0,1.0,84001.13,0.0,29.400389000000004,-29.400389000000004,-4.200055571428572,-4.199191,,,-0.3499999226200886,12000.16142857143,1.0
2024-07-15,Neutral,52.0,26.0,2.0,2.0,2.0,198344.85,-1.0,68.99576900000001,-69.995769,-2.692144961538461,-2.0320365000000002,0.0,-0.5,-0.3528993518107477,7628.6480769230775,1.0
2024-07-16,Greed,65.0,22.0,0.0,1.0,1.0,144000.57,0.0,50.400180999999996,-50.400180999999996,-2.290917318181818,-1.749371,,,-0.34999987152828627,6545.480454545454,1.0
2024-07-17,Greed,69.0,351.0,155.0,3.0,3.0,626005.53,1859.269477,206.60191299999997,1652.6675640000003,4.708454598290599,-0.069945,0.9354838709677419,11.995286948387095,2.640020710360179,1783.4915384615385,0.9316239316239316
2024-07-18,Greed,61.0,60.0,48.0,2.0,2.0,649704.85,3803.884311,227.396664,3576.487647,59.60812745,17.8903415,1.0,79.2475898125,5.504788285018959,10828.414166666666,1.0
2024-07-19,Greed,60.0,23.0,12.0,2.0,3.0,150269.42,2155.891114,52.594288,2103.2968259999993,91.44768808695649,12.118811,1.0,179.65759283333333,13.996838651536681,6533.453043478262,1.0
2024-07-20,Greed,74.0,266.0,36.0,2.0,5.0,244362.21000000002,2299.169566,80.758418,2218.411148,8.339891533834587,-0.097003,0.9166666666666666,63.865821277777755,9.078372421005687,918.6549248120301,0.8045112781954887
2024-07-21,Greed,74.0,448.0,236.0,2.0,4.0,234307.46,-2960.716887,64.72334000000001,-3025.440227,-6.753214792410715,-0.5997715,0.08898305084745763,-12.545410538135592,-12.912265904807299,523.0077232142856,0.5178571428571429
2024-07-22,Greed,70.0,154.0,106.0,2.0,3.0,304213.8,1517.119876,97.45953600000001,1419.66034,9.218573636363637,-2.9563555,0.20754716981132076,14.312451660377357,4.666653320789523,1975.4142857142856,0.4155844155844156
2024-07-23,Greed,71.0,370.0,364.0,3.0,3.0,358526.54,89890.302206,59.243126,89831.05907999999,242.78664616216213,38.08859699999999,0.9038461538461539,246.95137968681317,250.5562324061142,968.9906486486486,0.22702702702702704
2024-07-24,Greed,69.0,90.0,18.0,5.0,27.0,69207.93000000001,625.561479,55.067279,570.4942,6.338824444444445,-0.002445,1.0,34.7534155,8.24319120655682,768.9770000000001,0.9777777777777777
2024-07-25,Greed,68.0,78.0,10.0,3.0,4.0,528555.3099999999,916.7382600000001,224.18591599999996,692.5523440000001,8.878876205128206,-1.244677,1.0,91.67382599999999,1.3102741206024402,6776.3501282051275,0.9743589743589743
2024-07-26,Greed,68.0,152.0,61.0,4.0,4.0,548587.65,2766.513113,206.567015,2559.946098,16.84175064473684,-0.11268800000000001,1.0,45.35267398360656,4.66643042000672,3609.1292763157894,0.9539473684210527
2024-07-27,Greed,72.0,57.0,42.0,2.0,3.0,905199.75,6400.623656,316.819894,6083.8037620000005,106.73339933333334,39.971433999999995,1.0,152.39580133333334,6.720951659564643,15880.697368421053,1.0
2024-07-28,Greed,71.0,16.0,12.0,2.0,2.0,43254.68000000001,587.2990299999999,15.139122,572.1599080000001,35.759994250000005,36.148608,1.0,48.94158583333334,13.227699476680904,2703.4175000000005,1.0
2024-07-29,Greed,74.0,39.0,16.0,2.0,2.0,327199.1400000001,330.804454,114.51968399999998,216.28477,5.545763333333333,-0.05594,1.0,20.675278375,0.6610187606238817,8389.721538461541,1.0
2024-07-30,Greed,67.0,6.0,0.0,1.0,1.0,36006.47,0.0,12.602264000000002,-12.602264000000002,-2.1003773333333338,-2.289675,,,-0.34999998611360683,6001.078333333334,1.0
2024-07-31,Greed,61.0,43.0,14.0,2.0,4.0,84506.54,765.6908840000001,29.577267,736.113617,17.118921325581393,-0.071004,1.0,54.692206,8.710729571936088,1965.2683720930231,1.0
2024-08-01,Neutral,52.0,57.0,7.0,4.0,6.0,227774.53,167.080017,108.09503600000001,58.984981,1.0348242280701754,-0.697626,0.5714285714285714,23.86857385714286,0.25896214559195885,3996.044385964912,0.9122807017543859
2024-08-02,Greed,57.0,63.0,17.0,3.0,5.0,396320.37,782.368191,145.52046199999998,636.847729,10.108694111111111,-0.651791,1.0,46.02165829411765,1.6069013283369713,6290.799523809524,0.9841269841269841
2024-08-03,Fear,37.0,37.0,1.0,5.0,4.0,290532.86,464.1897,108.653106,355.536594,9.609097135135135,-2.101704,1.0,464.1897,1.2237396967764678,7852.239459459459,0.972972972972973
2024-08-04,Fear,34.0,127.0,65.0,5.0,5.0,1207744.0700000003,-122672.00088300002,445.90223499999996,-123117.90311799999,-969.4323080157479,-5.913954,0.046153846153846156,-1887.261552046154,-101.94039132645044,9509.795826771657,0.9763779527559056
2024-08-05,Fear,26.0,80.0,38.0,4.0,6.0,420495.39999999997,-13013.665168999998,202.719158,-13216.384327,-165.2048040875,-0.6839189999999999,0.868421052631579,-342.46487286842114,-31.43050869759812,5256.192499999999,0.925
2024-08-06,Extreme Fear,17.0,107.0,26.0,2.0,16.0,61478.38,267.318048,62.621279,204.69676900000002,1.9130539158878506,-0.01119,0.5,10.281463384615384,3.329573241845345,574.5642990654205,0.9158878504672897
2024-08-07,Fear,29.0,33.0,10.0,3.0,14.0,2492.77,188.78925500000003,3.7522038,185.0370512,5.60718336969697,0.0,1.0,18.8789255,74.22949217135957,75.53848484848484,0.42424242424242425
2024-08-08,Extreme Fear,20.0,9.0,3.0,2.0,4.0,16299.35,-40.712216999999995,6.647995000000001,-47.360212000000004,-5.262245777777778,-1.63758,0.0,-13.570738999999998,-2.905650348020013,1811.038888888889,0.6666666666666666
2024-08-09,Neutral,48.0,144.0,58.0,5.0,8.0,503204.86000000004,18082.071276000002,185.25438068,17896.81689532,124.28345066194444,-0.06994149999999999,0.7413793103448276,311.7598495862069,35.56566781831161,3494.478194444445,0.9722222222222222
2024-08-10,Fear,40.0,88.0,0.0,2.0,4.0,11339.29,0.0,50.0831879,-50.0831879,-0.5691271352272728,-0.027998025000000003,,,-4.416783405310209,128.8555681818182,0.9659090909090909
2024-08-11,Fear,39.0,24.0,4.0,2.0,2.0,44230.21,847.7766200000001,40.931287,806.845333,33.618555541666666,-1.724195,1.0,211.94415500000002,18.24195121388752,1842.9254166666667,0.9166666666666666
2024-08-12,Fear,25.0,48.0,6.0,3.0,5.0,54167.32,858.6705,36.071895000000005,822.5986050000001,17.1374709375,-0.23952050000000003,1.0,143.11175,15.186252615045383,1128.4858333333334,1.0
2024-08-13,Fear,31.0,23.0,8.0,3.0,5.0,20797.87,212.08102,17.932876999999998,194.14814299999995,8.44122360869565,-0.21979,1.0,26.510127500000003,9.335001276573031,904.2552173913043,1.0
2024-08-14,Fear,30.0,25.0,5.0,3.0,3.0,66710.03,2168.9015130000003,46.493106,2122.4084070000004,84.89633628000001,-1.86686,1.0,433.7803026,31.815431757413393,2668.4012,1.0
2024-08-15,Fear,29.0,12.0,0.0,1.0,1.0,1522.3700000000001,0.0,16.50261,-16.50261,-1.3752175,-1.86688,,,-10.840078298968056,126.86416666666668,1.0
2024-08-16,Fear,27.0,35.0,3.0,2.0,4.0,166382.84,825.230544,81.18794199999999,744.042602,21.258360057142855,-0.559787,1.0,275.076848,4.471871029488377,4753.795428571429,1.0
2024-08-17,Fear,25.0,30.0,1.0,2.0,2.0,30248.960000000003,-288.283113,17.096539,-305.379652,-10.179321733333333,-0.26668000000000003,0.0,-288.283113,-10.095542193847326,1008.2986666666668,0.0
2024-08-18,Fear,31.0,15.0,12.0,2.0,2.0,62804.48,307.201888,21.981557000000002,285.22033100000004,19.014688733333337,7.920876000000001,1.0,25.600157333333332,4.54140104336506,4186.965333333334,1.0
2024-08-19,Fear,28.0,8.0,5.0,1.0,1.0,100315.03,339.699583,35.110258,304.589325,38.073665625,13.290643000000001,1.0,67.93991659999999,3.036327906197107,12539.37875,1.0
2024-08-20,Fear,30.0,12.0,1.0,2.0,3.0,49914.799999999996,192.602844,17.470174,175.13267,14.594389166666666,-0.6152485,1.0,192.602844,3.5086321091139303,4159.566666666667,1.0
2024-08-21,Fear,26.0,145.0,54.0,2.0,6.0,104990.41,656.200925,36.746583,619.454342,4.272098910344828,-0.004907,1.0,12.151868981481483,5.9001040380735725,724.0717931034483,1.0
2024-08-23,Fear,34.0,10.0,3.0,1.0,1.0,63509.56,1005.30527,22.228341999999994,983.076928,98.3076928,-0.7684495,1.0,335.10175666666663,15.479196013954434,6350.956,1.0
2024-08-24,Greed,56.0,7.0,0.0,2.0,2.0,34999.67,0.0,12.249882,-12.249882,-1.7499831428571428,-0.697135,,,-0.3499999285707551,4999.952857142857,1.0
2024-08-25,Neutral,54.0,17.0,0.0,2.0,3.0,21950.279999999995,0.0,26.303603,-26.303603,-1.5472707647058823,-1.397771,,,-1.1983265361535254,1291.1929411764704,1.0
2024-08-26,Greed,55.0,6.0,2.0,2.0,2.0,92611.27,231.236918,32.302932,198.933986,33.155664333333334,-0.1803165,1.0,115.618459,2.1480537519893637,15435.211666666668,0.8333333333333334
2024-08-27,Neutral,48.0,50.0,0.0,2.0,4.0,70250.16,0.0,52.053552,-52.053552,-1.04107104,-0.039365,,,-0.7409741415535566,1405.0032,1.0
2024-08-28,Fear,30.0,9.0,2.0,2.0,2.0,71160.06999999999,1333.359645,24.906026000000004,1308.4536190000001,145.38373544444445,-0.007157,1.0,666.6798225,18.387469531719127,7906.674444444444,1.0
2024-08-29,Fear,29.0,1.0,0.0,1.0,1.0,9995.85,0.0,3.498547,-3.498547,-3.498547,-3.498547,,,-0.34999994997924133,9995.85,1.0
2024-08-30,Fear,34.0,6.0,1.0,4.0,4.0,37233.24,256.464,13.031175999999999,243.432824,40.57213733333334,-0.3499885,1.0,256.464,6.538051053306132,6205.54,1.0
2024-08-31,Fear,29.0,34.0,13.0,3.0,5.0,107507.43000000001,10.882801,39.955315,-29.072513999999995,-0.8550739411764704,-0.1749415,0.9230769230769231,0.8371385384615385,-0.27042330004540144,3161.983235294118,1.0
2024-09-01,Fear,26.0,12.0,5.0,1.0,4.0,12359.68,137.433093,4.325861,133.107232,11.092269333333334,-0.0873125,1.0,27.486618600000003,10.769472348798674,1029.9733333333334,1.0
2024-09-02,Fear,26.0,2.0,0.0,1.0,1.0,30000.42,0.0,10.500148,-10.500148,-5.250074,-5.250074,,,-0.35000003333286667,15000.21,1.0
2024-09-04,Fear,27.0,34.0,8.0,2.0,4.0,131480.97,1065.7851319999997,63.570226999999996,1002.2149049999997,29.476908970588227,-0.01119,0.625,133.22314149999994,7.622509211789354,3867.0873529411765,1.0
2024-09-05,Fear,29.0,1.0,0.0,1.0,1.0,0.84,0.0,0.0,0.0,0.0,0.0,,,0.0,0.84,1.0
2024-09-06,Extreme Fear,22.0,42.0,38.0,2.0,2.0,39047.1,-1104.856765,13.666476,-1118.523241,-26.63150573809524,-24.8869925,0.0,-29.075178026315797,-28.645488166854904,929.6928571428571,1.0
2024-09-08,Fear,29.0,1.0,0.0,1.0,1.0,0.11,0.0,0.0,0.0,0.0,0.0,,,0.0,0.11,1.0
2024-09-09,Fear,26.0,2.0,0.0,1.0,1.0,4014.4300000000003,0.0,34.9079,-34.9079,-17.45395,-17.45395,,,-8.695605602787941,2007.2150000000001,0.0
2024-09-10,Fear,33.0,3.0,2.0,2.0,2.0,2547.28,-219.729659,7.2904,-227.020059,-75.673353,-37.804946,0.0,-109.8648295,-89.12253815834929,849.0933333333334,0.6666666666666666
2024-09-11,Fear,37.0,1.0,0.0,1.0,1.0,0.54,0.0,0.0,0.0,0.0,0.0,,,0.0,0.54,1.0
2024-09-14,Neutral,50.0,11.0,0.0,2.0,2.0,1014.8000000000002,0.0,30.38133,-30.38133,-2.761939090909091,-1.86684,,,-29.938243988963336,92.25454545454546,1.0
2024-09-18,Neutral,45.0,145.0,134.0,1.0,2.0,13633.5,-878.684794,31.732943,-910.4177370000001,-6.278743013793104,-5.709707,0.0,-6.557349208955223,-66.77799075805919,94.02413793103449,1.0
2024-09-19,Neutral,49.0,19.0,0.0,1.0,2.0,1521.8700000000003,0.0,28.60766,-28.60766,-1.5056663157894736,-1.86683,,,-18.797702826128376,80.0984210526316,1.0
2024-09-20,Neutral,54.0,16.0,9.0,2.0,3.0,332873.38,9585.03428,109.317031,9475.717249,592.2323280625,34.559794000000004,0.8888888888888888,1065.003808888889,28.46643143708277,20804.58625,0.75
2024-09-21,Neutral,54.0,23.0,23.0,1.0,1.0,165648.12,36165.56933,57.97684099999999,36107.592488999995,1569.8953256086954,1145.7311359999999,1.0,1572.416057826087,217.9776775552901,7202.092173913044,1.0
2024-09-22,Neutral,52.0,3.0,0.0,1.0,1.0,19999.739999999998,0.0,6.999907,-6.999907,-2.3333023333333336,-2.090294,,,-0.34999989999870007,6666.579999999999,1.0
2024-09-23,Neutral,50.0,2.0,1.0,1.0,1.0,40334.29,334.760796,14.117002000000001,320.643794,160.321897,160.321897,1.0,334.760796,7.949657574237701,20167.145,1.0
2024-09-24,Neutral,54.0,10.0,0.0,2.0,3.0,7118.629999999999,0.0,12.966142,-12.966142,-1.2966142,-1.8036699999999999,,,-1.8214378328414316,711.8629999999999,0.9
2024-09-25,Greed,59.0,9.0,0.0,2.0,2.0,52754.130000000005,0.0,17.764677,-17.764677,-1.9738529999999999,-0.586515,,,-0.33674476292187927,5861.570000000001,0.6666666666666666
2024-09-26,Neutral,50.0,8.0,2.0,2.0,2.0,113711.93,439.812513,31.348203999999996,408.46430899999996,51.058038624999995,-0.075828,1.0,219.9062565,3.5920972320142663,14213.99125,0.375
2024-09-27,Greed,61.0,56.0,0.0,2.0,2.0,126097.04,0.0,37.503311,-37.503311,-0.669701982142857,-0.007496,,,-0.2974162676617944,2251.732857142857,0.17857142857142858
2024-09-28,Greed,64.0,4.0,0.0,1.0,1.0,29199.21,0.0,2.8031200000000003,-2.8031200000000003,-0.7007800000000001,-0.728405,,,-0.0959998575303921,7299.8025,0.0
2024-09-30,Greed,61.0,106.0,5.0,2.0,2.0,214669.85000000003,2710.626288,65.637576,2644.988712,24.952723698113207,-0.013662,1.0,542.1252575999999,12.321193274230168,2025.1872641509437,0.09433962264150944
2024-10-01,Neutral,50.0,4.0,0.0,1.0,1.0,139954.32,0.0,48.98401,-48.98401,-12.2460025,-11.125525,,,-0.34999998570962293,34988.58,1.0
2024-10-02,Fear,42.0,4.0,0.0,1.0,1.0,99954.34000000001,0.0,34.984017,-34.984017,-8.74600425,-7.3342165,,,-0.34999997999086385,24988.585000000003,1.0
2024-10-03,Fear,37.0,9.0,3.0,2.0,2.0,132935.69,100.375782,46.527491000000005,53.848291,5.983143444444445,-1.583766,1.0,33.458594,0.40507023358437455,14770.632222222222,1.0
2024-10-04,Fear,41.0,1.0,0.0,1.0,1.0,0.34,0.0,0.0,0.0,0.0,0.0,,,0.0,0.34,1.0
2024-10-05,Neutral,49.0,37.0,24.0,2.0,2.0,605605.7400000001,5767.161891999999,211.961771,5555.200121,150.1405438108108,32.494422,1.0,240.29841216666668,9.172964775730163,16367.722702702706,1.0
2024-10-06,Neutral,50.0,22.0,5.0,1.0,1.0,300130.56,130.487079,105.04569299999999,25.441386000000016,1.156426636363637,-1.095298,1.0,26.0974158,0.08476772908430255,13642.298181818182,1.0
2024-10-07,Neutral,50.0,21.0,0.0,1.0,1.0,219984.65000000002,0.0,76.99461600000001,-76.99461600000001,-3.666410285714286,-1.182685,,,-0.34999994772362525,10475.459523809524,1.0
2024-10-08,Neutral,49.0,36.0,33.0,2.0,2.0,434584.13000000006,5396.546638,152.10422,5244.4424180000005,145.67895605555557,28.817349,1.0,163.5317163030303,12.06772649061069,12071.78138888889,1.0
2024-10-09,Neutral,49.0,14.0,3.0,1.0,1.0,220399.93,396.06272,77.13996699999998,318.922753,22.780196642857142,-1.6501055,1.0,132.02090666666666,1.447018395151033,15742.852142857142,1.0
2024-10-10,Fear,39.0,16.0,0.0,1.0,1.0,300024.34,0.0,105.00851,-105.00851,-6.563031875,-7.3040115,,,-0.34999997000243377,18751.52125,1.0
2024-10-11,Fear,32.0,26.0,18.0,2.0,2.0,488904.19,8885.327476999999,171.11619399999998,8714.211283,335.1619724230769,228.869744,1.0,493.6293042777777,17.82396522926097,18804.007307692307,1.0
2024-10-12,Neutral,49.0,10.0,7.0,1.0,1.0,159713.4,541.55471,55.899685,485.6550249999999,48.565502499999994,18.943531,1.0,77.36495857142856,3.0407907226319137,15971.34,1.0
2024-10-13,Neutral,50.0,10.0,0.0,1.0,1.0,60002.42,0.0,21.000841,-21.000841,-2.1000841,-1.4338665000000002,,,-0.3499999000040332,6000.242,1.0
2024-10-14,Neutral,48.0,5.0,5.0,1.0,1.0,61916.02,1913.6195799999998,21.670603999999997,1891.948976,378.3897952,43.25152,1.0,382.723916,30.556695601558367,12383.204,1.0
2024-10-15,Greed,65.0,7.0,4.0,1.0,1.0,81173.36,1170.2260760000001,28.410673,1141.815403,163.11648614285716,11.687958,1.0,292.55651900000004,14.066380928422824,11596.194285714286,1.0
2024-10-16,Greed,73.0,11.0,3.0,1.0,1.0,80229.17000000001,219.480876,28.080204,191.400672,17.40006109090909,-0.896401,1.0,73.160292,2.3856743376505074,7293.56090909091,1.0
2024-10-17,Greed,71.0,9.0,2.0,2.0,1.0,140531.75,36.11496,49.186107,-13.071147000000005,-1.4523496666666673,-3.499927,0.5,18.05748,-0.09301205599446392,15614.638888888889,1.0
2024-10-18,Greed,73.0,6.0,5.0,1.0,1.0,120331.43000000001,333.219141,42.115998000000005,291.103143,48.5171905,47.489376,1.0,66.6438282,2.419177957080706,20055.238333333335,1.0
2024-10-19,Greed,72.0,4.0,0.0,1.0,1.0,99996.86,0.0,34.998901000000004,-34.998901000000004,-8.749725250000001,-8.749398,,,-0.35000000000000003,24999.215,1.0
2024-10-20,Greed,73.0,96.0,11.0,2.0,4.0,176447.86000000002,389.155797,59.257459000000004,329.898338,3.4364410208333336,-0.066196,1.0,35.37779972727273,1.869664715684282,1837.9985416666668,0.8229166666666666
2024-10-21,Greed,72.0,173.0,68.0,2.0,2.0,324117.99,2464.9155640000004,109.85804300000001,2355.057521,13.61304925433526,-0.073397,1.0,36.24875829411764,7.266049999261073,1873.5143930635838,0.9364161849710982
2024-10-22,Greed,70.0,3.0,0.0,1.0,1.0,60000.36,0.0,21.000124,-21.000124,-7.000041333333333,-10.290272,,,-0.34999996666686667,20000.12,1.0
2024-10-23,Greed,71.0,18.0,3.0,1.0,2.0,210006.07000000004,-46.489941,73.502111,-119.992052,-6.666225111111111,-2.8014935,0.0,-15.496647000000001,-0.5713742083740722,11667.00388888889,1.0
2024-10-25,Greed,72.0,30.0,21.0,2.0,2.0,427883.17999999993,13235.862071,143.841914,13092.020156999997,436.4006718999999,60.6526505,1.0,630.2791462380952,30.597183457877453,14262.772666666664,0.8333333333333334
2024-10-27,Greed,74.0,4.0,3.0,1.0,1.0,90664.41,666.6623079999999,31.73254,634.929768,158.732442,29.324931499999998,1.0,222.22076933333332,7.003076157447007,22666.1025,1.0
2024-10-28,Greed,72.0,13.0,4.0,2.0,2.0,121495.25,167.28016200000002,42.27334000000001,125.00682200000003,9.615909384615387,-2.452633,1.0,41.820040500000005,1.0289029571114923,9345.788461538461,0.7692307692307693
2024-10-29,Greed,72.0,53.0,3.0,2.0,7.0,613267.81,801.1708760000001,214.64371400000002,586.5271620000001,11.066550226415096,-0.832458,1.0,267.0569586666667,0.9563964591586831,11571.090754716983,1.0
2024-10-30,Extreme Greed,77.0,25.0,8.0,1.0,4.0,11830.85,9.150023,3.596988,5.553034999999999,0.22212139999999994,-0.174921,0.875,1.1437528750000001,0.46936906477556545,473.23400000000004,0.84
2024-10-31,Extreme Greed,77.0,48.0,37.0,3.0,7.0,896173.3600000001,1214.043811,312.710928,901.332883,18.777768395833334,12.099449499999999,0.918918918918919,32.81199489189189,1.0057572822740457,18670.278333333335,0.875
2024-11-01,Extreme Greed,75.0,23.0,10.0,2.0,2.0,260981.03,1040.4757359999999,90.65487499999999,949.8208610000003,41.29655917391305,-1.538407,0.6,104.04757359999999,3.639424907626429,11347.001304347827,0.9565217391304348
2024-11-02,Greed,72.0,2.0,0.0,1.0,1.0,40000.0,0.0,13.999997,-13.999997,-6.9999985,-6.9999985,,,-0.34999992500000005,20000.0,1.0
2024-11-03,Greed,74.0,6.0,0.0,2.0,2.0,129055.66,0.0,40.404151999999996,-40.404151999999996,-6.734025333333332,-5.249351,,,-0.31307539708060844,21509.27666666667,0.6666666666666666
2024-11-04,Greed,70.0,36.0,23.0,2.0,2.0,451811.97,2799.4104740000002,158.13418000000004,2641.276294,73.36878594444444,28.5394975,1.0,121.71349886956523,5.845963518850552,12550.332499999999,1.0
2024-11-05,Greed,70.0,10.0,5.0,1.0,1.0,200627.23,678.475928,70.219524,608.256404,60.8256404,9.6894565,1.0,135.6951856,3.0317739222138487,20062.723,1.0
2024-11-06,Greed,70.0,15.0,9.0,2.0,2.0,123906.90000000001,2817.837229999999,43.36741,2774.46982,184.96465466666666,-0.350687,0.7777777777777778,313.0930255555555,22.391568346879794,8260.460000000001,1.0
2024-11-07,Extreme Greed,77.0,113.0,60.0,3.0,5.0,111335.3,4493.353136,26.178442379999996,4467.174693620001,39.53251941256638,3.8930279999999997,1.0,74.88921893333332,40.12361482494771,985.2681415929204,0.4336283185840708
2024-11-08,Extreme Greed,75.0,39.0,16.0,2.0,2.0,270700.44000000006,-64.41354100000004,93.87825699999999,-158.2917980000001,-4.058764051282054,-1.749947,0.375,-4.025846312500004,-0.5847489497985303,6941.036923076925,0.9743589743589743
2024-11-09,Extreme Greed,75.0,86.0,44.0,2.0,4.0,193384.41,102.90894,66.18450299999999,36.724437000000016,0.4270283372093025,-0.046693,0.4318181818181818,2.3388395454545456,0.18990381385965918,2248.655930232558,0.7093023255813954
2024-11-10,Extreme Greed,78.0,173.0,51.0,3.0,10.0,413636.69999999995,991.1143339999999,142.31354599999997,848.8007879999999,4.906362936416184,-0.204031,1.0,19.433614392156862,2.0520441924036237,2390.9635838150284,0.9942196531791907
2024-11-11,Extreme Greed,76.0,373.0,96.0,4.0,13.0,1570572.42,6749.630996,396.91055,6352.720446,17.03142210723861,-0.175008,0.9583333333333334,70.30865620833333,4.044844010440474,4210.649919571046,0.5576407506702413
2024-11-12,Extreme Greed,80.0,171.0,42.0,4.0,5.0,1226354.52,3494.399394,427.904853,3066.494541,17.932716614035087,-0.428829,0.8095238095238095,83.19998557142857,2.5004959748507307,7171.663859649123,0.9766081871345029
2024-11-13,Extreme Greed,84.0,48.0,32.0,5.0,5.0,515336.37,7846.402274,179.18406800000002,7667.218206,159.73371262499998,11.4057195,0.84375,245.2000710625,14.878084785671152,10736.174375,0.9791666666666666
2024-11-14,Extreme Greed,88.0,110.0,28.0,2.0,3.0,1008361.8100000002,4563.509225,335.02880200000004,4228.480423,38.440731118181816,-0.083233,1.0,162.98247232142856,4.1934158761922955,9166.925545454547,0.9363636363636364
2024-11-15,Extreme Greed,80.0,149.0,55.0,4.0,4.0,1427858.42,4140.740438000001,466.427513,3674.3129249999993,24.6598182885906,-0.034836,1.0,75.28618978181817,2.5733033986660945,9582.942416107382,0.7248322147651006
2024-11-16,Extreme Greed,86.0,157.0,58.0,4.0,12.0,303296.06999999995,2769.521909,100.171303,2669.350606,17.00223315923567,-0.015694,0.8275862068965517,47.75037774137932,8.80113812882574,1931.8221019108278,0.8980891719745223
2024-11-17,Extreme Greed,90.0,209.0,62.0,4.0,15.0,1215987.57,882.975285,271.111689,611.8635959999999,2.9275770143540667,-0.09594,0.7903225806451613,14.241536854838708,0.5031824428928989,5818.122344497608,0.6555023923444976
2024-11-18,Extreme Greed,83.0,346.0,156.0,7.0,23.0,2084339.5799999998,4470.815187,445.1043390000001,4025.710848,11.635002450867052,-0.060222,0.7948717948717948,28.659071711538463,1.9314083399020807,6024.102832369942,0.8670520231213873
2024-11-19,Extreme Greed,90.0,305.0,167.0,5.0,23.0,628031.1499999999,2958.2689909999995,201.48693300000002,2756.782058,9.038629698360655,-0.004998,0.8982035928143712,17.714185574850298,4.3895626164402834,2059.118524590164,0.9180327868852459
2024-11-20,Extreme Greed,83.0,550.0,299.0,5.0,20.0,1999514.1199999996,4210.0928969999995,644.057369,3566.0355280000003,6.48370096,-0.101926,0.7324414715719063,14.080578250836123,1.7834510355945878,3635.4802181818177,0.9472727272727273
2024-11-21,Extreme Greed,82.0,535.0,255.0,5.0,12.0,598300.62,1692.430891,198.628267,1493.802624,2.7921544373831773,-0.137134,0.6470588235294118,6.63698388627451,2.496742563963915,1118.3189158878504,0.9757009345794393
2024-11-22,Extreme Greed,94.0,679.0,352.0,6.0,15.0,1646713.6199999999,-18105.345617000003,436.43905899999993,-18541.784676,-27.30748847717231,-0.117236,0.59375,-51.43564095738636,-11.259872057170451,2425.204153166421,0.9072164948453608
2024-11-23,Extreme Greed,93.0,363.0,149.0,4.0,16.0,516245.68,2901.531638,154.62186699999998,2746.9097709999996,7.5672445482093655,-0.085687,0.8590604026845637,19.473366697986577,5.320935123369942,1422.1644077134986,0.9449035812672176
2024-11-24,Extreme Greed,80.0,172.0,61.0,3.0,16.0,664952.2800000001,945.5503859999999,202.58312600000002,742.9672599999999,4.3195770930232555,-0.153532,0.7540983606557377,15.500826,1.1173241785109749,3866.001627906978,0.9651162790697675
2024-11-25,Extreme Greed,82.0,255.0,149.0,2.0,14.0,937410.8700000001,5523.740734,283.779701,5239.961033,20.54886679607843,-0.018734,0.7046979865771812,37.072085463087255,5.589823204205002,3676.12105882353,0.9529411764705882
2024-11-26,Extreme Greed,79.0,302.0,128.0,4.0,16.0,1146902.44,1094.809359,311.298478,783.5108810000002,2.5944068907284774,-0.114739,0.6875,8.553198117187499,0.6831539054010559,3797.6901986754965,0.7913907284768212
2024-11-27,Extreme Greed,75.0,213.0,130.0,2.0,12.0,1444242.5299999998,-2654.495633,439.714536,-3094.2101689999995,-14.526808305164318,-0.059616,0.5692307692307692,-20.41919717692308,-2.142444987408036,6780.481361502347,0.9671361502347418
2024-11-28,Extreme Greed,77.0,332.0,228.0,5.0,16.0,1894225.1500000004,-127075.39958499999,315.582009,-127390.981594,-383.70777588554216,-0.215504,0.4780701754385965,-557.3482437938596,-67.252291309721,5705.497439759038,0.7319277108433735
2024-11-29,Extreme Greed,78.0,393.0,209.0,11.0,25.0,794262.9099999999,176844.99415199997,192.45173557,176652.54241643002,449.4975634005853,-0.000573,0.9186602870813397,846.1482973779904,222.41066552689716,2021.025216284987,0.6895674300254453
2024-11-30,Extreme Greed,84.0,373.0,173.0,8.0,25.0,1732193.7,37316.69352,552.3753395,36764.318180500006,98.56385571179626,-0.00874996,0.9075144508670521,215.7034307514451,21.22413802827017,4643.950938337802,0.8793565683646113
2024-12-01,Extreme Greed,81.0,416.0,232.0,9.0,30.0,814711.8200000001,40886.364493999994,245.38375137999998,40640.98074262,97.69466524668269,0.476989,0.9525862068965517,176.23432971551722,49.88387273259395,1958.4418750000002,0.8966346153846154
2024-12-02,Extreme Greed,80.0,270.0,112.0,8.0,27.0,585243.56,18489.604313,147.88781359000004,18341.716499410002,67.93228333114816,-0.006725409999999999,0.9821428571428571,165.08575279464284,31.340313252502945,2167.568740740741,0.9518518518518518
2024-12-03,Extreme Greed,76.0,374.0,177.0,8.0,20.0,1084666.53,23576.539285,330.57309170999997,23245.96619329,62.15498982163102,-0.0086905,0.9096045197740112,133.20078692090397,21.431440493780148,2900.177887700535,0.9625668449197861
2024-12-04,Extreme Greed,78.0,319.0,166.0,7.0,28.0,769287.6500000001,292891.81502100005,172.60641764999997,292719.2086033501,917.6150739916931,-0.00302743,0.891566265060241,1764.4085242228914,380.5068346064701,2411.5600313479626,0.7115987460815048
2024-12-05,Extreme Greed,84.0,456.0,205.0,8.0,26.0,1256750.79,71574.11848800001,352.76572322999994,71221.35276477,156.18717711572367,-0.007746415,0.9414634146341463,349.142041404878,56.67102287221955,2756.0324342105264,0.7828947368421053
2024-12-06,Greed,72.0,403.0,137.0,10.0,30.0,3471019.2199999997,-92624.643895,691.9937858700001,-93316.63768086997,-231.55493221059547,-0.03498,0.6861313868613139,-676.0922912043796,-26.88450618284677,8612.950918114144,0.7146401985111662
2024-12-07,Extreme Greed,75.0,304.0,142.0,6.0,30.0,451733.42000000004,85906.279067,108.45203790000001,85797.8270291,282.229694174671,-0.006618,0.9225352112676056,604.9737962464789,189.9302182005927,1485.9651973684213,0.7598684210526315
2024-12-08,Extreme Greed,79.0,420.0,156.0,6.0,31.0,932939.72,15965.933436000001,234.17888346,15731.754552540002,37.456558458428574,-0.017402,0.9743589743589743,102.34572715384616,16.86256273078394,2221.2850476190474,0.7452380952380953
2024-12-09,Extreme Greed,78.0,539.0,178.0,10.0,29.0,983949.6799999999,6310.967676,174.77343643,6136.19423957,11.38440489716141,-0.00053546,0.9662921348314607,35.45487458426967,6.236288668308729,1825.5096103896103,0.7717996289424861
2024-12-10,Extreme Greed,78.0,1596.0,1123.0,11.0,34.0,3150424.08,39325.770231,453.54068535,38872.22954565,24.356033549906016,0.787791,0.8343722172751559,35.01849530810329,12.338729186468761,1973.94992481203,0.4573934837092732
2024-12-11,Greed,74.0,1221.0,882.0,12.0,21.0,2194098.33,319051.55421699997,413.50923006000005,318638.04498694005,260.9648198091237,2.255135,0.9863945578231292,361.7364560283447,145.22505241911378,1796.9683292383293,0.3751023751023751
2024-12-12,Extreme Greed,83.0,1932.0,1417.0,14.0,29.0,4557189.87,599151.795008,698.96545151,598452.82955649,309.7581933522205,10.681751,0.9541284403669725,422.8311891376147,131.3205827775813,2358.7939285714288,0.3747412008281574
2024-12-13,Extreme Greed,76.0,1173.0,489.0,11.0,27.0,2880824.6399999997,31935.901745,453.22737636,31482.67436864,26.839449589633418,0.0,0.9631901840490797,65.30859252556237,10.928355003461787,2455.945984654731,0.5524296675191815
2024-12-14,Extreme Greed,83.0,1235.0,602.0,12.0,23.0,2369561.7800000003,167801.39924400003,232.09144503000002,167569.30779897003,135.68365003965184,-0.00081884,0.9717607973421927,278.7398658538206,70.7174251430448,1918.6735060728747,0.345748987854251
2024-12-15,Extreme Greed,80.0,1697.0,469.0,15.0,21.0,2583269.8100000005,97525.315279,231.33057038000004,97293.98470862,57.33293147237478,-0.012901,0.8891257995735607,207.9431029402985,37.66311375296101,1522.2568120212143,0.4938126104890984
2024-12-16,Extreme Greed,83.0,1055.0,546.0,13.0,34.0,2740808.97,166774.344133,402.15005599999995,166372.19407700002,157.69876215829385,0.07772000000000001,0.9798534798534798,305.44751672710623,60.701856969258245,2597.9231943127966,0.418957345971564
2024-12-17,Extreme Greed,87.0,1941.0,873.0,16.0,36.0,5233597.63,219591.30517200002,746.1403859799999,218845.16478602,112.74866810201958,-0.002119,0.9702176403207331,251.53643204123713,41.81543562530618,2696.3408706852138,0.4348274085522926
2024-12-18,Extreme Greed,81.0,1429.0,743.0,13.0,35.0,3798887.0699999994,13682.994673000001,691.44797021,12991.546702790001,9.09135528536739,-0.005251,0.7039030955585465,18.415874391655453,3.4198296667950183,2658.4234219734076,0.4541637508747376
2024-12-19,Extreme Greed,75.0,3339.0,2196.0,13.0,29.0,8241709.39,62744.004486000005,1056.23317908,61687.77130692,18.474924021239893,0.16601,0.9348816029143898,28.571951040983603,7.484827283739012,2468.316678646301,0.3743635819107517
2024-12-20,Greed,74.0,2488.0,1479.0,15.0,20.0,7681274.709999999,254969.66003899998,1210.8383057800002,253758.82173322,101.99309555193729,1.4285065,0.9350912778904665,172.39327926910073,33.03602999679985,3087.329063504823,0.452572347266881
2024-12-21,Greed,73.0,1681.0,934.0,8.0,19.0,4382875.12,150022.16315699997,680.39159713,149341.77155987,88.84103007725757,1.389651,0.9892933618843683,160.62330102462528,34.07392806570998,2607.302272456871,0.4776918500892326
2024-12-22,Greed,73.0,774.0,353.0,8.0,17.0,3087320.2199999997,352197.16397299996,333.05684453000003,351864.1071284701,454.6047895716668,-0.0062895,0.9546742209631728,997.7256769773368,113.97071960629667,3988.785813953488,0.35658914728682173
2024-12-23,Greed,70.0,2347.0,1404.0,14.0,33.0,6771878.26,-29430.626577000025,1200.8969465700002,-30631.523523569987,-13.051352161725601,-0.01866599,0.48504273504273504,-20.96198474145299,-4.52334232062376,2885.333728163613,0.7013208351086493
2024-12-24,Greed,73.0,338.0,171.0,11.0,31.0,1767036.11,14813.780116000002,386.78244023,14426.997675769999,42.6834250762426,-0.018875000000000003,0.6666666666666666,86.63029307602338,8.164517744784513,5227.917485207101,0.7248520710059172
2024-12-25,Greed,73.0,208.0,82.0,6.0,20.0,347889.35,756.6570469999999,66.51878222,690.13826478,3.317972426826923,-0.010046,0.7682926829268293,9.227524963414632,1.9837866976382001,1672.5449519230767,0.8557692307692307
2024-12-26,Extreme Greed,79.0,697.0,371.0,7.0,16.0,2205242.65,60228.63972200001,523.35899848,59705.280723519994,85.66037406530846,0.008547,0.9649595687331537,162.34134695956874,27.074245423069428,3163.9062410329984,0.6757532281205165
2024-12-27,Greed,74.0,260.0,116.0,7.0,16.0,347913.0,2672.8110349999997,88.5556466,2584.2553884,9.939443801538461,-0.0046795,0.9482758620689655,23.041474439655175,7.427878200584629,1338.126923076923,0.5846153846153846
2024-12-28,Greed,72.0,161.0,46.0,7.0,14.0,281555.01,940.673623,48.40849263,892.26513037,5.542019443291925,-0.010212,0.8043478260869565,20.449426586956523,3.169061457546076,1748.7888819875777,0.5590062111801242
2024-12-29,Greed,73.0,201.0,64.0,7.0,18.0,344628.54,2884.067927,72.11735709999999,2811.9505699,13.98980383034826,-0.02016,1.0,45.063561359375,8.159366516481775,1714.5698507462685,0.6119402985074627
2024-12-30,Greed,65.0,304.0,122.0,9.0,18.0,1073865.73,9009.738137,284.90632048,8724.83181652,28.700104659605262,-0.005674,0.9836065573770492,73.85031259836065,8.12469526941697,3532.453059210526,0.7894736842105263
2024-12-31,Greed,64.0,306.0,100.0,6.0,19.0,877164.6199999999,5445.01281,266.51641113,5178.49639887,16.923190845980393,-0.018802,0.92,54.45012810000001,5.903676779473846,2866.5510457516334,0.8300653594771242
2025-01-01,Greed,66.0,96.0,30.0,6.0,13.0,282582.1,-9528.065345,31.604382209999997,-9559.669727210001,-99.57989299177085,-0.007157485,0.9666666666666667,-317.60217816666665,-33.829707285811814,2943.5635416666664,0.84375
2025-01-02,Greed,70.0,361.0,168.0,9.0,40.0,774674.8399999999,8716.519087,176.13969323,8540.37939377,23.657560647562324,-0.00570237,0.9821428571428571,51.884042184523814,11.0244698198408,2145.913684210526,0.7423822714681441
2025-01-03,Greed,74.0,508.0,163.0,9.0,68.0,771208.99,6028.486792999999,210.99783681,5817.48895619,11.451749913759842,-0.036283499999999996,0.8466257668711656,36.98458155214724,7.543336542523966,1518.1279330708662,0.7618110236220472
2025-01-04,Greed,73.0,371.0,85.0,9.0,32.0,1826029.62,2553.5379679999996,233.71197099999998,2319.825997,6.252900261455525,-0.054405,0.8823529411764706,30.041623152941177,1.2704207925170456,4921.912722371968,0.601078167115903
2025-01-05,Greed,72.0,239.0,104.0,8.0,23.0,451943.56999999995,3187.719363,139.34161097,3048.3777520300005,12.754718627740587,-0.004973,0.9615384615384616,30.651147721153848,6.745040651933605,1890.9772803347278,0.7238493723849372
2025-01-06,Extreme Greed,76.0,573.0,121.0,7.0,39.0,556526.99,6064.185393,174.93108825,5889.25430475,10.27793072382199,-0.034929,0.7355371900826446,50.11723465289256,10.58215398457135,971.2512914485166,0.7137870855148342
2025-01-07,Extreme Greed,78.0,637.0,500.0,6.0,72.0,1313178.1,16098.227530999999,303.38645263,15794.841078370002,24.795668882841447,6.072247,0.97,32.196455062,12.02795041919295,2061.504081632653,0.5792778649921507
2025-01-08,Greed,70.0,1039.0,422.0,11.0,56.0,3177275.1799999997,130117.09055399998,696.9129103799999,129420.17764362,124.56224989761309,-0.034998,0.9146919431279621,308.3343378056872,40.73307167672521,3058.012685274302,0.8229066410009624
2025-01-09,Greed,69.0,522.0,169.0,7.0,80.0,1020733.25,46975.92890200001,275.51377943000006,46700.415122570004,89.46439678653257,-0.037027235,0.8579881656804734,277.96407634319525,45.75183097304806,1955.427681992337,0.8237547892720306
2025-01-10,Neutral,50.0,819.0,488.0,7.0,82.0,6547449.680000002,-10116.875551999998,2094.17917505,-12211.054727050003,-14.909712731440784,0.625792,0.8852459016393442,-20.731302360655732,-1.8650093278838302,7994.444053724055,0.8046398046398047
2025-01-11,Greed,69.0,283.0,88.0,7.0,19.0,1658098.7100000002,2269.080536,494.64797735,1774.43255865,6.270079712544169,-0.032229,0.7840909090909091,25.78500609090909,1.0701609909882865,5859.006042402828,0.9187279151943463
2025-01-12,Greed,62.0,602.0,475.0,7.0,23.0,2258459.17,5742.241803,612.0827527000001,5130.159050300001,8.52185888754153,0.6931750000000001,0.9936842105263158,12.088930111578945,2.2715305720138392,3751.59330564784,0.31561461794019935
2025-01-13,Greed,61.0,408.0,166.0,11.0,26.0,2936648.0100000002,9655.429352,863.1001247799999,8792.32922722,21.54982653730392,-0.01118,0.9518072289156626,58.16523706024096,2.994001731661398,7197.666691176471,0.8112745098039216
2025-01-14,Greed,63.0,275.0,141.0,9.0,23.0,876581.97,16069.512354999999,240.59104947999998,15828.92130552,57.559713838254545,-0.00019249,0.9716312056737588,113.96817273049648,18.057548349437305,3187.5708,0.7854545454545454
2025-01-15,Greed,70.0,267.0,139.0,11.0,22.0,1801599.89,14819.5883,513.60899482,14305.979305179997,53.58044683588014,-0.00395295,0.8848920863309353,106.61574316546762,7.940708358491295,6747.565131086142,0.8052434456928839
2025-01-16,Extreme Greed,75.0,371.0,141.0,9.0,28.0,3049692.96,20807.709328000004,890.5691679600001,19917.14016004,53.68501390846361,-0.023712,0.900709219858156,147.5724065815603,6.530867343458733,8220.196657681941,0.8059299191374663
2025-01-17,Extreme Greed,75.0,238.0,127.0,8.0,23.0,1110230.46,7006.415607999999,351.41464889,6655.00095911,27.962188903823527,0.5028105,0.9921259842519685,55.16862683464567,5.9942518232746025,4664.8338655462185,0.8865546218487395
2025-01-18,Extreme Greed,77.0,651.0,280.0,12.0,32.0,2711629.8800000004,443.23308199999883,815.9342014599999,-372.7011194600018,-0.572505559846393,-0.017281,0.8857142857142857,1.5829752928571452,-0.13744542432170048,4165.330076804916,0.8540706605222734
2025-01-19,Extreme Greed,77.0,1567.0,434.0,15.0,28.0,9715215.3,87923.799302,2162.35563971,85761.44366229,54.729702400950856,-0.115153,0.7304147465437788,202.58939931336408,8.827539175821455,6199.8821314613915,0.6713465220165922
2025-01-20,Extreme Greed,76.0,1315.0,808.0,15.0,38.0,8287327.01,87277.23917300001,2207.6598196600003,85069.57935334,64.69169532573385,0.38021900000000003,0.8502475247524752,108.016385115099,10.265020223129822,6302.149817490495,0.6425855513307985
2025-01-21,Extreme Greed,76.0,530.0,214.0,8.0,29.0,1523729.82,11077.839421,398.3042653,10679.5351557,20.150066331509432,-0.011423,0.9579439252336449,51.76560477102804,7.008811546196555,2874.961924528302,0.9528301886792453
2025-01-22,Extreme Greed,84.0,832.0,296.0,10.0,31.0,1778406.4300000002,20524.408057,471.17013976000004,20053.23791724,24.102449419759616,-0.033779500000000004,0.7905405405405406,69.33921640878378,11.27595895907776,2137.507728365385,0.8834134615384616
2025-01-23,Extreme Greed,75.0,1218.0,847.0,12.0,39.0,3697028.66,101256.24216,1088.34986968,100167.89229032,82.23964884262726,7.461598,0.9504132231404959,119.54692108618653,27.09416169100512,3035.3273070607556,0.9137931034482759
2025-01-24,Extreme Greed,75.0,874.0,499.0,11.0,26.0,1611433.4500000002,10602.779738,338.64360109999996,10264.1361369,11.74386285686499,0.516697,0.9779559118236473,21.248055587174353,6.369568744461647,1843.7453661327233,0.8123569794050344
2025-01-25,Extreme Greed,75.0,506.0,170.0,11.0,26.0,1239377.6999999997,-10348.016255999999,318.93376206,-10666.950018059997,-21.080928889446636,-0.020941235000000002,0.8294117647058824,-60.870683858823526,-8.60669836003988,2449.3630434782604,0.857707509881423
2025-01-26,Greed,73.0,451.0,206.0,7.0,25.0,1201173.66,40823.466667999994,382.25815422999995,40441.20851377,89.6700853963858,-0.016004,0.9514563106796117,198.1721682912621,33.668078031090026,2663.3562305986693,0.7627494456762749
2025-01-27,Greed,71.0,773.0,400.0,15.0,31.0,1508028.31,41331.765392,406.25916743000005,40925.506224569996,52.94373379633893,-0.00117595,0.92,103.32941348,27.138420381889247,1950.8775032341528,0.7373868046571799
2025-01-28,Greed,72.0,498.0,328.0,8.0,20.0,579412.1699999999,17979.613973,124.71028463,17854.90368837,35.853220257771085,2.4308365,0.9542682926829268,54.81589625914634,30.81554826225,1163.478253012048,0.6485943775100401
2025-01-29,Greed,72.0,910.0,393.0,9.0,26.0,1897513.41,23421.011469999998,612.5211450899999,22808.490324910003,25.064275082318684,-0.02799959,0.9643765903307888,59.59544903307887,12.020199807130746,2085.1795714285713,0.9483516483516483
2025-01-30,Greed,70.0,1067.0,423.0,11.0,22.0,3014397.1700000004,23097.471385,874.6511157300001,22222.82026927,20.82738544448922,-0.064423,0.8747044917257684,54.60395126477542,7.372227021189114,2825.1144985941896,0.837863167760075
2025-01-31,Extreme Greed,76.0,1016.0,586.0,11.0,29.0,2783411.48,35868.296772999995,670.9380515099999,35197.35872149,34.64306960776575,0.67113,0.9385665529010239,61.20869756484642,12.645402583986613,2739.578228346457,0.6122047244094488
2025-02-01,Greed,68.0,634.0,398.0,12.0,33.0,1363746.44,32300.205017,285.47738189,32014.72763511,50.49641582824921,1.6372325,0.949748743718593,81.15629401256281,23.47557192164696,2151.019621451104,0.6861198738170347
2025-02-02,Greed,60.0,1319.0,529.0,13.0,39.0,5661092.29,162854.759623,1184.12208921,161670.63753379,122.57061223183472,-0.01942146,0.8941398865784499,307.85398794517954,28.558205599186582,4291.957763457164,0.8165276724791509
2025-02-03,Fear,44.0,2380.0,1338.0,12.0,37.0,22592901.37,348871.32626899995,2991.5656240599997,345879.76064494,145.32763052308405,-0.00782071,0.8243647234678625,260.74090154633785,15.309222794386944,9492.815701680673,0.4899159663865546
2025-02-04,Greed,72.0,2512.0,797.0,13.0,23.0,15678409.269999998,416876.88811999996,3853.77856394,413023.10955605994,164.4200276895143,-0.035806,0.8720200752823086,523.0575760602259,26.34343206911705,6241.404964171974,0.4637738853503185
2025-02-05,Neutral,54.0,1297.0,507.0,11.0,17.0,8743231.509999998,56706.235561999994,1335.74961667,55370.48594533,42.691199649444876,-0.015768,0.8224852071005917,111.84661846548325,6.332954340966549,6741.119128758673,0.5489591364687741
2025-02-06,Neutral,49.0,1703.0,829.0,11.0,20.0,2818508.87,33803.799733,709.13035861,33094.669374389996,19.433158763587784,-0.00291596,0.9469240048250904,40.776597989143546,11.741907122112409,1655.0257604227834,0.5918966529653552
2025-02-07,Fear,44.0,1524.0,537.0,13.0,27.0,3460263.54,22450.002091000002,738.0892383400001,21711.912852660003,14.246661976811026,-0.027999935,0.8007448789571695,41.806335364990694,6.2746413970133625,2270.5141338582675,0.34711286089238846
2025-02-08,Fear,44.0,575.0,122.0,10.0,23.0,839734.97,586.703253,109.97628618,476.7269668200001,0.829090377078261,-0.00637,0.9016393442622951,4.80904305737705,0.5677112230064685,1460.4086434782607,0.14956521739130435
2025-02-09,Neutral,46.0,764.0,334.0,12.0,24.0,2920919.7,150551.82949200002,427.36182496,150124.46766703998,196.49799432858637,-0.004603985,0.9850299401197605,450.75398051497,51.39630085244725,3823.19332460733,0.4829842931937173
2025-02-10,Fear,43.0,889.0,462.0,14.0,26.0,3624958.4399999995,63908.49465,491.3623421,63417.1323079,71.33535692677165,0.0,0.9199134199134199,138.330075,17.494581898682405,4077.568548931383,0.3858267716535433
2025-02-11,Neutral,47.0,848.0,326.0,12.0,19.0,2797544.17,-6093.784817,476.43012784999996,-6570.214944849999,-7.747894982134432,-0.0348035,0.5674846625766872,-18.692591463190183,-2.348565222064036,3298.990766509434,0.7535377358490566
2025-02-12,Neutral,46.0,1031.0,557.0,12.0,23.0,4143974.54,19848.635032,1099.1550311400001,18749.48000086,18.18572260025218,-0.00681448,0.8563734290843806,35.63489233752244,4.524516215019989,4019.3739476236665,0.7546071774975752
2025-02-13,Neutral,50.0,1370.0,657.0,11.0,28.0,3199852.21,27829.534238,823.4874840200001,27006.04675398,19.71244288611679,-0.00073,0.9756468797564688,42.35849960121766,8.439779396555318,2335.6585474452554,0.5693430656934306
2025-02-14,Neutral,48.0,1655.0,802.0,15.0,22.0,4007103.4200000004,213860.67530799998,961.57771575,212899.09759225,128.63993812220545,-0.00791696,0.885286783042394,266.65919614463843,53.130422471664076,2421.2105256797586,0.6181268882175227
2025-02-15,Neutral,50.0,932.0,417.0,12.0,27.0,1712852.95,45042.92701,374.08731802,44668.83969198,47.92793958366953,-0.003426495,0.9616306954436451,108.01661153477218,26.07861912021111,1837.8250536480687,0.38626609442060084
2025-02-16,Neutral,54.0,681.0,349.0,10.0,14.0,806177.6399999999,2369.4784250000002,171.57200527999998,2197.90641972,3.227469045110132,-0.002018,0.8595988538681948,6.789336461318053,2.726330166785574,1183.814449339207,0.3744493392070485
2025-02-17,Neutral,51.0,941.0,242.0,9.0,27.0,2031044.6399999997,1818.5732950000001,253.48675564,1565.08653936,1.6632163011264611,-0.012034,0.871900826446281,7.514765681818181,0.7705820485363631,2158.38962805526,0.6843783209351754
2025-02-18,Neutral,47.0,1676.0,930.0,11.0,30.0,3371128.68,91204.672403,609.53940291,90595.13300008999,54.05437529838305,0.0540995,0.9225806451612903,98.06954021827957,26.87382820405716,2011.413293556086,0.619928400954654
2025-02-19,Fear,44.0,1361.0,640.0,10.0,15.0,3263930.2399999998,14985.794700999999,688.4874494999999,14297.3072515,10.50500165429831,-0.00434,0.909375,23.4153042203125,4.380396086988673,2398.185334313005,0.56208670095518
2025-02-20,Neutral,49.0,2012.0,992.0,11.0,25.0,4628609.290000001,46008.794102,1232.46402475,44776.33007724999,22.254637215333,-0.0021644999999999998,0.9717741935483871,46.379832764112905,9.673819342234864,2300.501635188867,0.4418489065606362
2025-02-21,Greed,55.0,1873.0,1012.0,14.0,23.0,3972159.88,119693.49395,829.71831377,118863.77563623001,63.46170615922585,0.103664,0.9664031620553359,118.27420350790514,29.92421735960689,2120.747399893219,0.3107314468766684
2025-02-22,Neutral,49.0,686.0,352.0,10.0,34.0,3175570.1999999997,25278.704178,880.1646339700001,24398.539544029998,35.56638417497084,-0.001221,0.96875,71.81450050568182,7.683199553903737,4629.111078717201,0.6676384839650146
2025-02-23,Neutral,50.0,520.0,243.0,12.0,30.0,1141310.74,10656.934250999999,230.00271917,10426.93153183,20.051791407365386,-0.0015547450000000002,0.9629629629629629,43.85569650617284,9.135926935928072,2194.8283461538463,0.5230769230769231
2025-02-24,Neutral,49.0,5616.0,2527.0,14.0,42.0,11223619.59,38470.176242,2097.9644332400003,36372.211808759996,6.476533441730768,-0.004134,0.8816778789077958,15.223655022556388,3.2406846576630985,1998.5077617521367,0.26655982905982906
2025-02-25,Fear,25.0,6246.0,2141.0,18.0,26.0,19414984.36,204762.177034,3186.61506431,201575.56196969002,32.272744471612235,-0.028468475,0.7603923400280242,95.6385693759925,10.382473569486306,3108.3868651937237,0.43307716938840857
2025-02-26,Extreme Fear,21.0,1176.0,850.0,13.0,33.0,4946958.13,63229.063129,754.17254667,62474.89058233,53.124906957763606,1.4543755,0.928235294117647,74.38713309294117,12.628950749241534,4206.597049319727,0.5578231292517006
2025-02-27,Extreme Fear,10.0,890.0,420.0,9.0,20.0,1999898.4300000002,-36525.167517,512.14597331,-37037.31349030999,-41.6149589778764,-0.0838855,0.5880952380952381,-86.96468456428572,-18.51959726290199,2247.0768876404495,0.7191011235955056
2025-02-28,Extreme Fear,16.0,1019.0,409.0,13.0,30.0,4123660.77,225628.10874799997,878.39826396,224749.71048404003,220.55908781554467,-0.00936396,0.9682151589242054,551.6579675990221,54.502473171196385,4046.7721000981355,0.6427870461236507
2025-03-01,Extreme Fear,20.0,174.0,84.0,5.0,14.0,263824.13,10596.108968,37.06354539,10559.04542261,60.684169095459765,-0.001774,0.9285714285714286,126.14415438095239,40.02304649923416,1516.230632183908,0.5977011494252874
2025-03-02,Fear,26.0,532.0,281.0,10.0,15.0,6460848.74,66914.32070800001,1931.69694201,64982.62376599001,122.1477890338158,0.0118615,0.9501779359430605,238.1292551886121,10.05790823791829,12144.452518796992,0.7011278195488722
2025-03-03,Fear,33.0,1482.0,945.0,14.0,34.0,8244590.380000001,616413.032233,1040.56404242,615372.46819058,415.23108514883944,8.980675999999999,0.9650793650793651,652.2889229978836,74.63954421354526,5563.151403508772,0.3144399460188934
2025-03-04,Extreme Fear,15.0,2402.0,818.0,16.0,18.0,11124247.15,182075.566585,2220.33648528,179855.23009971998,74.87728147365527,-0.07328000000000001,0.7444987775061125,222.58626721882635,16.167856365877306,4631.24360949209,0.6544546211490425
2025-03-05,Extreme Fear,20.0,1660.0,1279.0,13.0,34.0,9193654.219999999,269328.365917,2321.32151085,267007.04440615,160.84761711213855,33.8708095,0.9843627834245504,210.57729938780295,29.042537169311775,5538.3459156626495,0.8849397590361445
2025-03-06,Fear,25.0,760.0,382.0,12.0,12.0,6765324.96,16101.125561,1306.61716326,14794.50839774,19.466458418078947,0.0,0.9554973821989529,42.14954335340314,2.186814156779248,8901.743368421052,0.5605263157894737
2025-03-07,Fear,34.0,2552.0,1431.0,14.0,22.0,19854275.48,150236.061627,4916.50104687,145319.56058013,56.94340148124216,0.0434125,0.9315164220824598,104.98676563731655,7.319308162441695,7779.888510971787,0.7735109717868338
2025-03-08,Fear,28.0,529.0,303.0,13.0,16.0,892083.51,24700.773359,208.339773,24492.433586,46.29949638185255,4.003722000000001,0.9933993399339934,81.52070415511551,27.455314789979695,1686.3582419659735,0.6540642722117203
2025-03-09,Fear,27.0,1422.0,627.0,12.0,36.0,10419697.99,19773.457395,2377.0639268,17396.393468199996,12.233750680872008,-0.001511,1.0,31.536614665071767,1.669567916929615,7327.495070323488,0.659634317862166
2025-03-10,Extreme Fear,20.0,2911.0,1334.0,14.0,15.0,16811790.68,-10010.027269999999,3488.37247123,-13498.39974123,-4.637031858890415,0.0,0.8673163418290855,-7.5037685682158966,-0.8029126699327903,5775.263029886637,0.7409824802473377
2025-03-11,Extreme Fear,24.0,3286.0,1197.0,16.0,18.0,14016952.09,-76880.72903599999,2441.0802420399996,-79321.80927803999,-24.139321143651852,0.0,0.5146198830409356,-64.22784380618212,-5.658991253500103,4265.657970176507,0.39044430919050516
2025-03-12,Fear,34.0,3968.0,2333.0,13.0,10.0,18618139.15,288105.984215,3658.4135719700002,284447.57064303,71.68537566608619,1.5792815,0.9601371624517788,123.49163489712816,15.277980702117054,4692.071358366935,0.5892137096774194
2025-03-13,Neutral,45.0,962.0,490.0,13.0,14.0,3285591.22,14114.870873,809.18670717,13305.68416583,13.831272521652807,-0.005809,0.8979591836734694,28.8058589244898,4.049707731392708,3415.375488565489,0.8326403326403327
2025-03-14,Fear,27.0,2210.0,1922.0,10.0,5.0,8047187.159999999,68646.160089,1193.4870749200002,67452.67301407999,30.521571499583708,1.8662205,0.981789802289282,35.71600420863684,8.382142936772455,3641.2611583710404,0.2502262443438914
2025-03-15,Neutral,46.0,261.0,189.0,8.0,11.0,2355749.5399999996,78694.624572,574.332888,78120.291684,299.3114623908046,0.590947,0.8201058201058201,416.3736749841271,33.16154385580396,9025.860306513408,0.7203065134099617
2025-03-16,Fear,30.0,530.0,220.0,8.0,12.0,10187921.51,-7910.943544999999,2442.48300218,-10353.426547180003,-19.53476707015095,-0.1879955,0.5590909090909091,-35.95883429545453,-1.016245221070613,19222.49341509434,0.6811320754716981
2025-03-17,Fear,32.0,920.0,483.0,11.0,14.0,3592895.0500000003,26163.906513,807.74000798,25356.166505020003,27.561050548934787,-0.002857,0.8633540372670807,54.16957870186335,7.057307867932296,3905.3207065217393,0.5858695652173913
2025-03-18,Fear,34.0,834.0,246.0,13.0,16.0,4050655.47,72322.788824,857.936131,71464.852693,85.68927181414867,-0.0481815,0.7642276422764228,293.9950765203252,17.642787253145475,4856.901043165468,0.4832134292565947
2025-03-19,Fear,32.0,1612.0,775.0,12.0,17.0,4598813.57,29374.682341,784.4900710183999,28590.1922699816,17.735851284107692,-0.0068495,0.8658064516129033,37.902815923870975,6.216862639635465,2852.8620161290323,0.5024813895781638
2025-03-20,Neutral,49.0,771.0,440.0,13.0,20.0,1652257.9300000002,10246.859435999999,329.235446,9917.62399,12.863325538261998,-0.03,0.7159090909090909,23.288316899999998,6.002467175327764,2143.006394293126,0.6394293125810635
2025-03-21,Fear,31.0,698.0,349.0,9.0,12.0,2543903.39,6951.270374,633.4606828300001,6317.8096911699995,9.051303282478509,0.007897,1.0,19.917680154727794,2.483510071964643,3644.560730659026,0.8108882521489972
2025-03-22,Fear,32.0,535.0,331.0,8.0,13.0,971809.42,12498.535254000002,268.83480197,12229.70045203,22.859253181364487,-0.03237000000000001,0.7673716012084593,37.75992523867069,12.584463785121573,1816.4662056074767,0.908411214953271
2025-03-23,Fear,30.0,447.0,146.0,10.0,22.0,2593519.67,14047.421585,597.21601403,13450.205570970002,30.08994534892618,-0.035639,1.0,96.21521633561643,5.1860819590275185,5802.057427293064,0.7114093959731543
2025-03-24,Neutral,45.0,1027.0,671.0,13.0,34.0,3017587.05,107878.96130100002,531.10535137,107347.85594963,104.52566304735151,1.3680990000000002,0.9418777943368107,160.77341475558868,35.57407099478042,2938.254186952288,0.7400194741966893
2025-03-25,Neutral,46.0,791.0,390.0,13.0,30.0,5372519.77,32030.906779999998,1401.3539857699998,30629.552794229996,38.722569904209855,-0.048742,0.7333333333333333,82.1305302051282,5.701152179144051,6792.060391908975,0.9127686472819216
2025-03-26,Neutral,47.0,3102.0,1618.0,17.0,18.0,7597754.37,15802.167427000004,1796.8035160900001,14005.36391091,4.514946457417795,-0.1499815,0.5197775030902348,9.76648172249691,1.8433557112889398,2449.30830754352,0.8617021276595744
2025-03-27,Fear,40.0,785.0,265.0,11.0,17.0,3240279.46,58825.359221000006,714.0241192999999,58111.335101699995,74.02717847350318,-0.039109,0.9886792452830189,221.9824876264151,17.934050386413272,4127.744535031847,0.6
2025-03-28,Fear,44.0,728.0,234.0,11.0,20.0,1483092.6099999999,21337.179335,389.28339504999997,20947.895939949998,28.774582335096152,-0.052105,0.9871794871794872,91.18452707264957,14.124469233212618,2037.2151236263735,0.8379120879120879
2025-03-29,Fear,26.0,1894.0,940.0,10.0,16.0,3668151.83,12098.872930999996,839.84451462,11259.028416379999,5.944576777391763,-0.0741435,0.7170212765957447,12.871141415957448,3.069400869478186,1936.7221911298839,0.7164730728616684
2025-03-30,Fear,32.0,568.0,106.0,9.0,18.0,2850874.96,15795.11514,759.07175327,15036.043386729998,26.471907371003518,-0.099594,0.8867924528301887,149.01052018867927,5.2741855036427125,5019.146056338028,0.6390845070422535
2025-03-31,Fear,34.0,495.0,292.0,12.0,15.0,2164772.4699999997,6978.1845570000005,482.00163111,6496.18292589,13.123601870484848,0.5761160000000001,0.886986301369863,23.897892318493152,3.0008617607235184,4373.277717171717,0.701010101010101
2025-04-01,Fear,34.0,192.0,122.0,9.0,14.0,704445.19,-2202.6622420000003,162.93599482,-2365.598236820001,-12.320824150104173,-0.0079625,0.7213114754098361,-18.05460854098361,-3.358101198504885,3668.985364583333,0.7916666666666666
2025-04-02,Fear,44.0,1076.0,964.0,11.0,15.0,3867930.6,202212.74093800003,1181.2230379,201031.5179001,186.83226570641264,28.136984499999997,0.9989626556016598,209.76425408506228,51.97392060242756,3594.7310408921935,0.8420074349442379
2025-04-03,Fear,25.0,1748.0,634.0,17.0,13.0,8670233.15,-2365.961275999999,1337.1188527,-3703.0801287000013,-2.118466892848971,-0.0557015,0.8201892744479495,-3.731800119873817,-0.4271027162285712,4960.087614416476,0.5377574370709383
2025-04-04,Fear,28.0,1272.0,689.0,14.0,18.0,3835545.7299999995,-25515.678949999994,836.063409361,-26351.742359361,-20.7167785844033,-0.026200425,0.7155297532656023,-37.03291574746009,-6.870402340206488,3015.3661399371067,0.7209119496855346
2025-04-05,Fear,30.0,360.0,215.0,10.0,12.0,1267564.2200000002,35907.33771,282.060344,35625.277365999995,98.95910379444443,1.6026580000000001,0.9720930232558139,167.01087306976743,28.10530370287668,3521.011722222223,0.7888888888888889
2025-04-06,Fear,34.0,1048.0,346.0,14.0,17.0,3551252.0599999996,47053.449272000005,618.4359126335,46435.013359366494,44.30821885435734,-0.0307725,0.9595375722543352,135.99262795375722,13.075673755291394,3388.5992938931295,0.5696564885496184
2025-04-07,Extreme Fear,23.0,2814.0,1263.0,18.0,19.0,14460253.139999999,34527.37030499999,2766.5551014028997,31760.815203597114,11.28671471343181,-0.07583999999999999,0.5328582739509106,27.33758535629452,2.196421798159276,5138.682707889126,0.4683724235963042
2025-04-08,Extreme Fear,24.0,943.0,461.0,17.0,19.0,8869391.4,34899.394798,2274.9776910600003,32624.417106939993,34.59641262665959,-0.0067670000000000004,0.8373101952277657,75.70367635140998,3.678315189353352,9405.505196182397,0.6277836691410392
2025-04-09,Extreme Fear,18.0,3967.0,2224.0,20.0,29.0,28556806.470000003,43120.44479700002,6111.274358193999,37009.170438806,9.329258996421983,-0.024247,0.7679856115107914,19.388689207284173,1.2959842158010746,7198.5899848752215,0.3884547517015377
2025-04-10,Fear,39.0,2127.0,1331.0,19.0,30.0,28741953.29,158261.822261,6868.556500781999,151393.265760218,71.17689974622378,0.004203999999999999,0.845229151014275,118.90444948234412,5.267326970880968,13512.90704748472,0.5444287729196051
2025-04-11,Fear,25.0,1096.0,453.0,16.0,15.0,11319327.07,126406.479081,2174.4390780901003,124232.04000290993,113.35040146250905,-0.034962999999999994,0.8123620309050773,279.0430001788079,10.97521427154149,10327.853166058394,0.39507299270072993
2025-04-12,Fear,43.0,2109.0,721.0,20.0,22.0,55914617.49,410419.69453299994,11517.596374457,398902.09815854306,189.14276821173212,-0.270601,0.7961165048543689,569.2367469251041,7.134129071523817,26512.383826458037,0.8231389284020862
2025-04-13,Neutral,45.0,1321.0,566.0,17.0,22.0,14171154.79,48696.021521,2568.3362202648996,46127.6853007351,34.91876252894406,-0.0032309999999999978,0.8445229681978799,86.03537371201413,3.255040678356397,10727.596358819075,0.570779712339137
2025-04-14,Fear,31.0,890.0,418.0,14.0,17.0,13079972.979999999,45680.443063,2023.1577185669998,43657.285344433,49.05312960048652,0.0,0.8995215311004785,109.28335661004785,3.3377198417143066,14696.598853932583,0.698876404494382
2025-04-15,Fear,38.0,1131.0,652.0,14.0,15.0,20752168.240000002,72357.706282,1866.9047593900002,70490.80152261001,62.326084458541125,0.48704099999999995,0.9923312883435583,110.9780771196319,3.396792118653815,18348.513032714414,0.2581786030061892
2025-04-16,Fear,29.0,1608.0,807.0,17.0,15.0,36502715.9,58631.730257,5997.617905290001,52634.11235171,32.732656935143034,-0.019998,0.677819083023544,72.65394083890955,1.4419231844529685,22700.69396766169,0.5914179104477612
2025-04-17,Fear,30.0,1031.0,369.0,12.0,14.0,2604551.5100000002,5427.919886,519.2087369200001,4908.71114908,4.761116536450048,-0.071716,0.8482384823848238,14.709809989159893,1.8846665655232135,2526.2381280310383,0.8302618816682832
2025-04-18,Fear,33.0,1894.0,992.0,12.0,21.0,24610650.46,4880.4047439999995,4667.32793177,213.07681222999236,0.1125009568268175,0.025971,0.9788306451612904,4.919762846774193,0.008657910630046482,12994.007634635693,0.8875395987328405
2025-04-19,Fear,32.0,2786.0,1022.0,15.0,13.0,32706462.71,71950.57749499999,6480.626332690001,65469.95116231,23.499623532774585,-0.060364,0.7964774951076321,70.40173923189825,2.001743561901378,11739.577426417804,0.8122756640344581
2025-04-20,Fear,37.0,1982.0,962.0,12.0,31.0,12126094.05,25060.341936000004,1887.3296081058,23173.0123278942,11.69173174969435,-0.004666,0.8212058212058212,26.050251492723497,1.9110038428156675,6118.110015136226,0.7623612512613521
2025-04-21,Fear,39.0,1718.0,852.0,14.0,35.0,42104054.839999996,34369.267907,6356.09106388,28013.17684312,16.305690828358557,-0.008639500000000001,0.7946009389671361,40.33951632276995,0.6653320434236828,24507.598859138532,0.6065192083818394
2025-04-22,Neutral,47.0,2998.0,1288.0,15.0,27.0,33753625.24,58652.763578,5749.685751,52903.077827000016,17.646123357905275,-0.104979,0.6894409937888198,45.53785992080745,1.5673302482575058,11258.714222815212,0.8205470313542361
2025-04-23,Greed,72.0,6159.0,4139.0,19.0,44.0,30682443.79,-419020.22573099995,7342.080841880001,-426362.30657288,-69.22589812841046,-0.119981,0.48320850446967867,-101.23706830901185,-13.895969613471262,4981.72492125345,0.3956811170644585
2025-04-24,Greed,63.0,2232.0,1186.0,15.0,32.0,35088918.64,50704.395964999996,7366.5003199353005,43337.8956450647,19.416619912663396,-1.5199999999999998e-06,0.7782462057335582,42.752441791736935,1.2350878090515216,15720.841684587815,0.5282258064516129
2025-04-25,Greed,60.0,1653.0,730.0,16.0,35.0,27749455.779999997,20218.859206,6299.0932547382,13919.7659512618,8.420911041295705,-0.004935,0.873972602739726,27.697067405479455,0.50162302502863,16787.329570477916,0.6950998185117967
2025-04-26,Greed,65.0,1131.0,552.0,12.0,27.0,11948127.770000001,-4125.753941999999,2652.30675352,-6778.060695520001,-5.99298027897436,-0.548848,0.3532608695652174,-7.474191923913042,-0.5672906103781982,10564.215534924846,0.6534040671971706
2025-04-27,Greed,61.0,337.0,163.0,9.0,16.0,487537.69,2702.0674679999997,55.9267726562,2646.1406953438,7.852049541079525,-5e-05,0.7361963190184049,16.577101030674847,5.427561293453641,1446.6993768545994,0.3827893175074184
2025-04-28,Neutral,54.0,1379.0,722.0,8.0,14.0,26124921.49,36906.81375899999,6007.2514035301,30899.562355469898,22.407224333190644,-9.89e-07,0.796398891966759,51.11747058033241,1.182761922071135,18944.83066715011,0.8564176939811458
2025-04-29,Greed,60.0,2243.0,1034.0,7.0,17.0,34089511.66,125749.61342699999,5149.2952871531,120600.31813984689,53.767417806440875,-0.00544299,0.937137330754352,121.61471317891683,3.5377543492756183,15198.177289344627,0.6937137761925992
2025-04-30,Greed,56.0,1113.0,329.0,8.0,15.0,12693878.850000001,14003.797268999999,2950.1837728755004,11053.613496124499,9.931368819518866,-0.003275,0.8966565349544073,42.56473334042553,0.8707829676603931,11405.102291105122,0.660377358490566
2025-05-01,Neutral,53.0,1230.0,674.0,11.0,11.0,10720240.52,54536.829297000004,2652.6136779658,51884.21561903419,42.18228912116601,-4.0475e-05,0.7863501483679525,80.91517699851633,4.83983689752459,8715.642699186992,0.6105691056910569
